Loading ETHUSDT klines 2025-08-04 → 2026-05-31 (~10 months)...
Loaded 7,224 bars  (2025-08-04 00:00:00+00:00 → 2026-05-31 23:00:00+00:00)  data_hash=a42d67cc20ec708b
Using cpu device
Wrapping the env with a `Monitor` wrapper
Wrapping the env in a DummyVecEnv.
Training PPO for 1,000,000 timesteps (lr=0.0003, n_steps=2048, batch_size=64, gamma=0.99, lambda_dd=0.5, seed=42)...
    Tensorboard: tensorboard --logdir tb/
Logging to tb/PPO_3
---------------------------------
| rollout/           |          |
|    ep_len_mean     | 1.1e+03  |
|    ep_rew_mean     | -1.78    |
| time/              |          |
|    fps             | 7562     |
|    iterations      | 1        |
|    time_elapsed    | 0        |
|    total_timesteps | 2048     |
---------------------------------
-----------------------------------------
| rollout/                |             |
|    ep_len_mean          | 1.08e+03    |
|    ep_rew_mean          | -1.73       |
| time/                   |             |
|    fps                  | 4756        |
|    iterations           | 2           |
|    time_elapsed         | 0           |
|    total_timesteps      | 4096        |
| train/                  |             |
|    approx_kl            | 0.010688469 |
|    clip_fraction        | 0.116       |
|    clip_range           | 0.2         |
|    entropy_loss         | -2.29       |
|    explained_variance   | -5.9        |
|    learning_rate        | 0.0003      |
|    loss                 | -0.0314     |
|    n_updates            | 10          |
|    policy_gradient_loss | -0.0158     |
|    value_loss           | 0.0147      |
-----------------------------------------
-----------------------------------------
| rollout/                |             |
|    ep_len_mean          | 1.05e+03    |
|    ep_rew_mean          | -1.73       |
| time/                   |             |
|    fps                  | 4550        |
|    iterations           | 3           |
|    time_elapsed         | 1           |
|    total_timesteps      | 6144        |
| train/                  |             |
|    approx_kl            | 0.012822658 |
|    clip_fraction        | 0.122       |
|    clip_range           | 0.2         |
|    entropy_loss         | -2.28       |
|    explained_variance   | -3.94       |
|    learning_rate        | 0.0003      |
|    loss                 | -0.0231     |
|    n_updates            | 20          |
|    policy_gradient_loss | -0.0213     |
|    value_loss           | 0.00279     |
-----------------------------------------
-----------------------------------------
| rollout/                |             |
|    ep_len_mean          | 1.02e+03    |
|    ep_rew_mean          | -1.71       |
| time/                   |             |
|    fps                  | 4455        |
|    iterations           | 4           |
|    time_elapsed         | 1           |
|    total_timesteps      | 8192        |
| train/                  |             |
|    approx_kl            | 0.009167306 |
|    clip_fraction        | 0.0749      |
|    clip_range           | 0.2         |
|    entropy_loss         | -2.27       |
|    explained_variance   | -3.08       |
|    learning_rate        | 0.0003      |
|    loss                 | -0.0425     |
|    n_updates            | 30          |
|    policy_gradient_loss | -0.0161     |
|    value_loss           | 0.00116     |
-----------------------------------------
-----------------------------------------
| rollout/                |             |
|    ep_len_mean          | 1.04e+03    |
|    ep_rew_mean          | -1.71       |
| time/                   |             |
|    fps                  | 4405        |
|    iterations           | 5           |
|    time_elapsed         | 2           |
|    total_timesteps      | 10240       |
| train/                  |             |
|    approx_kl            | 0.010085943 |
|    clip_fraction        | 0.0947      |
|    clip_range           | 0.2         |
|    entropy_loss         | -2.25       |
|    explained_variance   | -1.79       |
|    learning_rate        | 0.0003      |
|    loss                 | -0.0238     |
|    n_updates            | 40          |
|    policy_gradient_loss | -0.0197     |
|    value_loss           | 0.000839    |
-----------------------------------------
-----------------------------------------
| rollout/                |             |
|    ep_len_mean          | 1.06e+03    |
|    ep_rew_mean          | -1.69       |
| time/                   |             |
|    fps                  | 4358        |
|    iterations           | 6           |
|    time_elapsed         | 2           |
|    total_timesteps      | 12288       |
| train/                  |             |
|    approx_kl            | 0.011824615 |
|    clip_fraction        | 0.132       |
|    clip_range           | 0.2         |
|    entropy_loss         | -2.23       |
|    explained_variance   | -1.29       |
|    learning_rate        | 0.0003      |
|    loss                 | -0.0197     |
|    n_updates            | 50          |
|    policy_gradient_loss | -0.0221     |
|    value_loss           | 0.00071     |
-----------------------------------------
----------------------------------------
| rollout/                |            |
|    ep_len_mean          | 1.08e+03   |
|    ep_rew_mean          | -1.69      |
| time/                   |            |
|    fps                  | 4336       |
|    iterations           | 7          |
|    time_elapsed         | 3          |
|    total_timesteps      | 14336      |
| train/                  |            |
|    approx_kl            | 0.00917935 |
|    clip_fraction        | 0.0901     |
|    clip_range           | 0.2        |
|    entropy_loss         | -2.21      |
|    explained_variance   | -1.04      |
|    learning_rate        | 0.0003     |
|    loss                 | -0.0233    |
|    n_updates            | 60         |
|    policy_gradient_loss | -0.0208    |
|    value_loss           | 0.000637   |
----------------------------------------
-----------------------------------------
| rollout/                |             |
|    ep_len_mean          | 1.13e+03    |
|    ep_rew_mean          | -1.71       |
| time/                   |             |
|    fps                  | 4314        |
|    iterations           | 8           |
|    time_elapsed         | 3           |
|    total_timesteps      | 16384       |
| train/                  |             |
|    approx_kl            | 0.008570165 |
|    clip_fraction        | 0.081       |
|    clip_range           | 0.2         |
|    entropy_loss         | -2.18       |
|    explained_variance   | -1.53       |
|    learning_rate        | 0.0003      |
|    loss                 | -0.0134     |
|    n_updates            | 70          |
|    policy_gradient_loss | -0.0197     |
|    value_loss           | 0.000463    |
-----------------------------------------
-----------------------------------------
| rollout/                |             |
|    ep_len_mean          | 1.13e+03    |
|    ep_rew_mean          | -1.69       |
| time/                   |             |
|    fps                  | 4301        |
|    iterations           | 9           |
|    time_elapsed         | 4           |
|    total_timesteps      | 18432       |
| train/                  |             |
|    approx_kl            | 0.009843648 |
|    clip_fraction        | 0.0915      |
|    clip_range           | 0.2         |
|    entropy_loss         | -2.15       |
|    explained_variance   | -0.426      |
|    learning_rate        | 0.0003      |
|    loss                 | -0.00275    |
|    n_updates            | 80          |
|    policy_gradient_loss | -0.019      |
|    value_loss           | 0.000426    |
-----------------------------------------
-----------------------------------------
| rollout/                |             |
|    ep_len_mean          | 1.16e+03    |
|    ep_rew_mean          | -1.68       |
| time/                   |             |
|    fps                  | 4288        |
|    iterations           | 10          |
|    time_elapsed         | 4           |
|    total_timesteps      | 20480       |
| train/                  |             |
|    approx_kl            | 0.011078022 |
|    clip_fraction        | 0.11        |
|    clip_range           | 0.2         |
|    entropy_loss         | -2.13       |
|    explained_variance   | -0.176      |
|    learning_rate        | 0.0003      |
|    loss                 | -0.0381     |
|    n_updates            | 90          |
|    policy_gradient_loss | -0.0181     |
|    value_loss           | 0.000316    |
-----------------------------------------
-----------------------------------------
| rollout/                |             |
|    ep_len_mean          | 1.18e+03    |
|    ep_rew_mean          | -1.68       |
| time/                   |             |
|    fps                  | 4273        |
|    iterations           | 11          |
|    time_elapsed         | 5           |
|    total_timesteps      | 22528       |
| train/                  |             |
|    approx_kl            | 0.010942765 |
|    clip_fraction        | 0.111       |
|    clip_range           | 0.2         |
|    entropy_loss         | -2.09       |
|    explained_variance   | -0.581      |
|    learning_rate        | 0.0003      |
|    loss                 | -0.0423     |
|    n_updates            | 100         |
|    policy_gradient_loss | -0.0207     |
|    value_loss           | 0.000455    |
-----------------------------------------
-----------------------------------------
| rollout/                |             |
|    ep_len_mean          | 1.22e+03    |
|    ep_rew_mean          | -1.69       |
| time/                   |             |
|    fps                  | 4248        |
|    iterations           | 12          |
|    time_elapsed         | 5           |
|    total_timesteps      | 24576       |
| train/                  |             |
|    approx_kl            | 0.009105845 |
|    clip_fraction        | 0.0896      |
|    clip_range           | 0.2         |
|    entropy_loss         | -2.09       |
|    explained_variance   | -0.0848     |
|    learning_rate        | 0.0003      |
|    loss                 | -0.0119     |
|    n_updates            | 110         |
|    policy_gradient_loss | -0.0204     |
|    value_loss           | 0.00036     |
-----------------------------------------
-----------------------------------------
| rollout/                |             |
|    ep_len_mean          | 1.22e+03    |
|    ep_rew_mean          | -1.66       |
| time/                   |             |
|    fps                  | 4161        |
|    iterations           | 13          |
|    time_elapsed         | 6           |
|    total_timesteps      | 26624       |
| train/                  |             |
|    approx_kl            | 0.010076162 |
|    clip_fraction        | 0.111       |
|    clip_range           | 0.2         |
|    entropy_loss         | -2.06       |
|    explained_variance   | -0.154      |
|    learning_rate        | 0.0003      |
|    loss                 | 0.00313     |
|    n_updates            | 120         |
|    policy_gradient_loss | -0.0219     |
|    value_loss           | 0.000405    |
-----------------------------------------
-----------------------------------------
| rollout/                |             |
|    ep_len_mean          | 1.22e+03    |
|    ep_rew_mean          | -1.65       |
| time/                   |             |
|    fps                  | 4156        |
|    iterations           | 14          |
|    time_elapsed         | 6           |
|    total_timesteps      | 28672       |
| train/                  |             |
|    approx_kl            | 0.011336132 |
|    clip_fraction        | 0.116       |
|    clip_range           | 0.2         |
|    entropy_loss         | -2.04       |
|    explained_variance   | 0.119       |
|    learning_rate        | 0.0003      |
|    loss                 | -0.02       |
|    n_updates            | 130         |
|    policy_gradient_loss | -0.0213     |
|    value_loss           | 0.000333    |
-----------------------------------------
-----------------------------------------
| rollout/                |             |
|    ep_len_mean          | 1.27e+03    |
|    ep_rew_mean          | -1.66       |
| time/                   |             |
|    fps                  | 4132        |
|    iterations           | 15          |
|    time_elapsed         | 7           |
|    total_timesteps      | 30720       |
| train/                  |             |
|    approx_kl            | 0.011424657 |
|    clip_fraction        | 0.146       |
|    clip_range           | 0.2         |
|    entropy_loss         | -2          |
|    explained_variance   | 0.00849     |
|    learning_rate        | 0.0003      |
|    loss                 | -0.00442    |
|    n_updates            | 140         |
|    policy_gradient_loss | -0.0217     |
|    value_loss           | 0.000337    |
-----------------------------------------
-----------------------------------------
| rollout/                |             |
|    ep_len_mean          | 1.29e+03    |
|    ep_rew_mean          | -1.65       |
| time/                   |             |
|    fps                  | 4115        |
|    iterations           | 16          |
|    time_elapsed         | 7           |
|    total_timesteps      | 32768       |
| train/                  |             |
|    approx_kl            | 0.009445677 |
|    clip_fraction        | 0.0833      |
|    clip_range           | 0.2         |
|    entropy_loss         | -2          |
|    explained_variance   | -0.186      |
|    learning_rate        | 0.0003      |
|    loss                 | -0.0326     |
|    n_updates            | 150         |
|    policy_gradient_loss | -0.0207     |
|    value_loss           | 0.000303    |
-----------------------------------------
-----------------------------------------
| rollout/                |             |
|    ep_len_mean          | 1.32e+03    |
|    ep_rew_mean          | -1.65       |
| time/                   |             |
|    fps                  | 4113        |
|    iterations           | 17          |
|    time_elapsed         | 8           |
|    total_timesteps      | 34816       |
| train/                  |             |
|    approx_kl            | 0.009692013 |
|    clip_fraction        | 0.107       |
|    clip_range           | 0.2         |
|    entropy_loss         | -1.93       |
|    explained_variance   | -0.0446     |
|    learning_rate        | 0.0003      |
|    loss                 | -0.0542     |
|    n_updates            | 160         |
|    policy_gradient_loss | -0.0214     |
|    value_loss           | 0.000469    |
-----------------------------------------
-----------------------------------------
| rollout/                |             |
|    ep_len_mean          | 1.36e+03    |
|    ep_rew_mean          | -1.63       |
| time/                   |             |
|    fps                  | 4113        |
|    iterations           | 18          |
|    time_elapsed         | 8           |
|    total_timesteps      | 36864       |
| train/                  |             |
|    approx_kl            | 0.008394791 |
|    clip_fraction        | 0.08        |
|    clip_range           | 0.2         |
|    entropy_loss         | -1.91       |
|    explained_variance   | 0.172       |
|    learning_rate        | 0.0003      |
|    loss                 | -0.0231     |
|    n_updates            | 170         |
|    policy_gradient_loss | -0.0195     |
|    value_loss           | 0.000407    |
-----------------------------------------
-----------------------------------------
| rollout/                |             |
|    ep_len_mean          | 1.39e+03    |
|    ep_rew_mean          | -1.62       |
| time/                   |             |
|    fps                  | 4118        |
|    iterations           | 19          |
|    time_elapsed         | 9           |
|    total_timesteps      | 38912       |
| train/                  |             |
|    approx_kl            | 0.011849977 |
|    clip_fraction        | 0.163       |
|    clip_range           | 0.2         |
|    entropy_loss         | -1.89       |
|    explained_variance   | -0.0708     |
|    learning_rate        | 0.0003      |
|    loss                 | -0.0425     |
|    n_updates            | 180         |
|    policy_gradient_loss | -0.0256     |
|    value_loss           | 0.000393    |
-----------------------------------------
-----------------------------------------
| rollout/                |             |
|    ep_len_mean          | 1.39e+03    |
|    ep_rew_mean          | -1.61       |
| time/                   |             |
|    fps                  | 4118        |
|    iterations           | 20          |
|    time_elapsed         | 9           |
|    total_timesteps      | 40960       |
| train/                  |             |
|    approx_kl            | 0.011759644 |
|    clip_fraction        | 0.135       |
|    clip_range           | 0.2         |
|    entropy_loss         | -1.85       |
|    explained_variance   | -0.0039     |
|    learning_rate        | 0.0003      |
|    loss                 | -0.0284     |
|    n_updates            | 190         |
|    policy_gradient_loss | -0.0237     |
|    value_loss           | 0.000458    |
-----------------------------------------
-----------------------------------------
| rollout/                |             |
|    ep_len_mean          | 1.41e+03    |
|    ep_rew_mean          | -1.6        |
| time/                   |             |
|    fps                  | 4101        |
|    iterations           | 21          |
|    time_elapsed         | 10          |
|    total_timesteps      | 43008       |
| train/                  |             |
|    approx_kl            | 0.009753175 |
|    clip_fraction        | 0.103       |
|    clip_range           | 0.2         |
|    entropy_loss         | -1.84       |
|    explained_variance   | 0.164       |
|    learning_rate        | 0.0003      |
|    loss                 | -0.0222     |
|    n_updates            | 200         |
|    policy_gradient_loss | -0.0205     |
|    value_loss           | 0.000331    |
-----------------------------------------
------------------------------------------
| rollout/                |              |
|    ep_len_mean          | 1.44e+03     |
|    ep_rew_mean          | -1.6         |
| time/                   |              |
|    fps                  | 4094         |
|    iterations           | 22           |
|    time_elapsed         | 11           |
|    total_timesteps      | 45056        |
| train/                  |              |
|    approx_kl            | 0.0087300725 |
|    clip_fraction        | 0.112        |
|    clip_range           | 0.2          |
|    entropy_loss         | -1.81        |
|    explained_variance   | 0.342        |
|    learning_rate        | 0.0003       |
|    loss                 | -0.0239      |
|    n_updates            | 210          |
|    policy_gradient_loss | -0.0201      |
|    value_loss           | 0.000342     |
------------------------------------------
---------------------------------------
| rollout/                |           |
|    ep_len_mean          | 1.44e+03  |
|    ep_rew_mean          | -1.6      |
| time/                   |           |
|    fps                  | 4097      |
|    iterations           | 23        |
|    time_elapsed         | 11        |
|    total_timesteps      | 47104     |
| train/                  |           |
|    approx_kl            | 0.0101709 |
|    clip_fraction        | 0.122     |
|    clip_range           | 0.2       |
|    entropy_loss         | -1.74     |
|    explained_variance   | 0.22      |
|    learning_rate        | 0.0003    |
|    loss                 | -0.0399   |
|    n_updates            | 220       |
|    policy_gradient_loss | -0.0225   |
|    value_loss           | 0.000308  |
---------------------------------------
-----------------------------------------
| rollout/                |             |
|    ep_len_mean          | 1.48e+03    |
|    ep_rew_mean          | -1.6        |
| time/                   |             |
|    fps                  | 4098        |
|    iterations           | 24          |
|    time_elapsed         | 11          |
|    total_timesteps      | 49152       |
| train/                  |             |
|    approx_kl            | 0.008510488 |
|    clip_fraction        | 0.0942      |
|    clip_range           | 0.2         |
|    entropy_loss         | -1.72       |
|    explained_variance   | 0.216       |
|    learning_rate        | 0.0003      |
|    loss                 | -0.0277     |
|    n_updates            | 230         |
|    policy_gradient_loss | -0.0201     |
|    value_loss           | 0.000343    |
-----------------------------------------
-----------------------------------------
| rollout/                |             |
|    ep_len_mean          | 1.51e+03    |
|    ep_rew_mean          | -1.59       |
| time/                   |             |
|    fps                  | 4101        |
|    iterations           | 25          |
|    time_elapsed         | 12          |
|    total_timesteps      | 51200       |
| train/                  |             |
|    approx_kl            | 0.009263042 |
|    clip_fraction        | 0.114       |
|    clip_range           | 0.2         |
|    entropy_loss         | -1.69       |
|    explained_variance   | -0.000513   |
|    learning_rate        | 0.0003      |
|    loss                 | -0.0278     |
|    n_updates            | 240         |
|    policy_gradient_loss | -0.0208     |
|    value_loss           | 0.000295    |
-----------------------------------------
-----------------------------------------
| rollout/                |             |
|    ep_len_mean          | 1.51e+03    |
|    ep_rew_mean          | -1.59       |
| time/                   |             |
|    fps                  | 4103        |
|    iterations           | 26          |
|    time_elapsed         | 12          |
|    total_timesteps      | 53248       |
| train/                  |             |
|    approx_kl            | 0.011591122 |
|    clip_fraction        | 0.149       |
|    clip_range           | 0.2         |
|    entropy_loss         | -1.6        |
|    explained_variance   | 0.295       |
|    learning_rate        | 0.0003      |
|    loss                 | 0.00547     |
|    n_updates            | 250         |
|    policy_gradient_loss | -0.0208     |
|    value_loss           | 0.000295    |
-----------------------------------------
-----------------------------------------
| rollout/                |             |
|    ep_len_mean          | 1.57e+03    |
|    ep_rew_mean          | -1.58       |
| time/                   |             |
|    fps                  | 4107        |
|    iterations           | 27          |
|    time_elapsed         | 13          |
|    total_timesteps      | 55296       |
| train/                  |             |
|    approx_kl            | 0.009102695 |
|    clip_fraction        | 0.08        |
|    clip_range           | 0.2         |
|    entropy_loss         | -1.58       |
|    explained_variance   | -0.441      |
|    learning_rate        | 0.0003      |
|    loss                 | -0.0426     |
|    n_updates            | 260         |
|    policy_gradient_loss | -0.0193     |
|    value_loss           | 0.000336    |
-----------------------------------------
------------------------------------------
| rollout/                |              |
|    ep_len_mean          | 1.62e+03     |
|    ep_rew_mean          | -1.58        |
| time/                   |              |
|    fps                  | 4109         |
|    iterations           | 28           |
|    time_elapsed         | 13           |
|    total_timesteps      | 57344        |
| train/                  |              |
|    approx_kl            | 0.0071393796 |
|    clip_fraction        | 0.0744       |
|    clip_range           | 0.2          |
|    entropy_loss         | -1.56        |
|    explained_variance   | 0.241        |
|    learning_rate        | 0.0003       |
|    loss                 | -0.0133      |
|    n_updates            | 270          |
|    policy_gradient_loss | -0.0163      |
|    value_loss           | 0.000309     |
------------------------------------------
-----------------------------------------
| rollout/                |             |
|    ep_len_mean          | 1.62e+03    |
|    ep_rew_mean          | -1.58       |
| time/                   |             |
|    fps                  | 4111        |
|    iterations           | 29          |
|    time_elapsed         | 14          |
|    total_timesteps      | 59392       |
| train/                  |             |
|    approx_kl            | 0.009699219 |
|    clip_fraction        | 0.117       |
|    clip_range           | 0.2         |
|    entropy_loss         | -1.5        |
|    explained_variance   | -0.57       |
|    learning_rate        | 0.0003      |
|    loss                 | -0.0351     |
|    n_updates            | 280         |
|    policy_gradient_loss | -0.0194     |
|    value_loss           | 0.000461    |
-----------------------------------------
-----------------------------------------
| rollout/                |             |
|    ep_len_mean          | 1.68e+03    |
|    ep_rew_mean          | -1.59       |
| time/                   |             |
|    fps                  | 4112        |
|    iterations           | 30          |
|    time_elapsed         | 14          |
|    total_timesteps      | 61440       |
| train/                  |             |
|    approx_kl            | 0.010004195 |
|    clip_fraction        | 0.104       |
|    clip_range           | 0.2         |
|    entropy_loss         | -1.51       |
|    explained_variance   | -0.0719     |
|    learning_rate        | 0.0003      |
|    loss                 | -0.0307     |
|    n_updates            | 290         |
|    policy_gradient_loss | -0.0229     |
|    value_loss           | 0.000296    |
-----------------------------------------
-----------------------------------------
| rollout/                |             |
|    ep_len_mean          | 1.68e+03    |
|    ep_rew_mean          | -1.59       |
| time/                   |             |
|    fps                  | 4115        |
|    iterations           | 31          |
|    time_elapsed         | 15          |
|    total_timesteps      | 63488       |
| train/                  |             |
|    approx_kl            | 0.008700336 |
|    clip_fraction        | 0.0993      |
|    clip_range           | 0.2         |
|    entropy_loss         | -1.48       |
|    explained_variance   | 0.239       |
|    learning_rate        | 0.0003      |
|    loss                 | -0.013      |
|    n_updates            | 300         |
|    policy_gradient_loss | -0.0158     |
|    value_loss           | 0.000253    |
-----------------------------------------
-----------------------------------------
| rollout/                |             |
|    ep_len_mean          | 1.72e+03    |
|    ep_rew_mean          | -1.58       |
| time/                   |             |
|    fps                  | 4116        |
|    iterations           | 32          |
|    time_elapsed         | 15          |
|    total_timesteps      | 65536       |
| train/                  |             |
|    approx_kl            | 0.011311793 |
|    clip_fraction        | 0.11        |
|    clip_range           | 0.2         |
|    entropy_loss         | -1.43       |
|    explained_variance   | 0.0408      |
|    learning_rate        | 0.0003      |
|    loss                 | -0.0377     |
|    n_updates            | 310         |
|    policy_gradient_loss | -0.0202     |
|    value_loss           | 0.000313    |
-----------------------------------------
-----------------------------------------
| rollout/                |             |
|    ep_len_mean          | 1.72e+03    |
|    ep_rew_mean          | -1.58       |
| time/                   |             |
|    fps                  | 4117        |
|    iterations           | 33          |
|    time_elapsed         | 16          |
|    total_timesteps      | 67584       |
| train/                  |             |
|    approx_kl            | 0.010412803 |
|    clip_fraction        | 0.117       |
|    clip_range           | 0.2         |
|    entropy_loss         | -1.42       |
|    explained_variance   | 0.156       |
|    learning_rate        | 0.0003      |
|    loss                 | -0.0227     |
|    n_updates            | 320         |
|    policy_gradient_loss | -0.0204     |
|    value_loss           | 0.000309    |
-----------------------------------------
-----------------------------------------
| rollout/                |             |
|    ep_len_mean          | 1.79e+03    |
|    ep_rew_mean          | -1.57       |
| time/                   |             |
|    fps                  | 4117        |
|    iterations           | 34          |
|    time_elapsed         | 16          |
|    total_timesteps      | 69632       |
| train/                  |             |
|    approx_kl            | 0.011000445 |
|    clip_fraction        | 0.119       |
|    clip_range           | 0.2         |
|    entropy_loss         | -1.35       |
|    explained_variance   | -0.271      |
|    learning_rate        | 0.0003      |
|    loss                 | -0.0474     |
|    n_updates            | 330         |
|    policy_gradient_loss | -0.0202     |
|    value_loss           | 0.00051     |
-----------------------------------------
-----------------------------------------
| rollout/                |             |
|    ep_len_mean          | 1.79e+03    |
|    ep_rew_mean          | -1.57       |
| time/                   |             |
|    fps                  | 4120        |
|    iterations           | 35          |
|    time_elapsed         | 17          |
|    total_timesteps      | 71680       |
| train/                  |             |
|    approx_kl            | 0.010574148 |
|    clip_fraction        | 0.104       |
|    clip_range           | 0.2         |
|    entropy_loss         | -1.38       |
|    explained_variance   | 0.0102      |
|    learning_rate        | 0.0003      |
|    loss                 | -0.037      |
|    n_updates            | 340         |
|    policy_gradient_loss | -0.0198     |
|    value_loss           | 0.000275    |
-----------------------------------------
---------------------------------------
| rollout/                |           |
|    ep_len_mean          | 1.85e+03  |
|    ep_rew_mean          | -1.55     |
| time/                   |           |
|    fps                  | 4120      |
|    iterations           | 36        |
|    time_elapsed         | 17        |
|    total_timesteps      | 73728     |
| train/                  |           |
|    approx_kl            | 0.0116194 |
|    clip_fraction        | 0.111     |
|    clip_range           | 0.2       |
|    entropy_loss         | -1.37     |
|    explained_variance   | 0.00446   |
|    learning_rate        | 0.0003    |
|    loss                 | -0.0148   |
|    n_updates            | 350       |
|    policy_gradient_loss | -0.0203   |
|    value_loss           | 0.000247  |
---------------------------------------
-----------------------------------------
| rollout/                |             |
|    ep_len_mean          | 1.85e+03    |
|    ep_rew_mean          | -1.55       |
| time/                   |             |
|    fps                  | 4122        |
|    iterations           | 37          |
|    time_elapsed         | 18          |
|    total_timesteps      | 75776       |
| train/                  |             |
|    approx_kl            | 0.009020617 |
|    clip_fraction        | 0.0821      |
|    clip_range           | 0.2         |
|    entropy_loss         | -1.34       |
|    explained_variance   | 0.285       |
|    learning_rate        | 0.0003      |
|    loss                 | -0.0245     |
|    n_updates            | 360         |
|    policy_gradient_loss | -0.014      |
|    value_loss           | 0.000362    |
-----------------------------------------
-----------------------------------------
| rollout/                |             |
|    ep_len_mean          | 1.91e+03    |
|    ep_rew_mean          | -1.54       |
| time/                   |             |
|    fps                  | 4122        |
|    iterations           | 38          |
|    time_elapsed         | 18          |
|    total_timesteps      | 77824       |
| train/                  |             |
|    approx_kl            | 0.011104936 |
|    clip_fraction        | 0.123       |
|    clip_range           | 0.2         |
|    entropy_loss         | -1.31       |
|    explained_variance   | 0.101       |
|    learning_rate        | 0.0003      |
|    loss                 | -0.0255     |
|    n_updates            | 370         |
|    policy_gradient_loss | -0.0201     |
|    value_loss           | 0.000307    |
-----------------------------------------
-----------------------------------------
| rollout/                |             |
|    ep_len_mean          | 1.91e+03    |
|    ep_rew_mean          | -1.54       |
| time/                   |             |
|    fps                  | 4123        |
|    iterations           | 39          |
|    time_elapsed         | 19          |
|    total_timesteps      | 79872       |
| train/                  |             |
|    approx_kl            | 0.008028502 |
|    clip_fraction        | 0.084       |
|    clip_range           | 0.2         |
|    entropy_loss         | -1.28       |
|    explained_variance   | -0.414      |
|    learning_rate        | 0.0003      |
|    loss                 | -0.0401     |
|    n_updates            | 380         |
|    policy_gradient_loss | -0.0167     |
|    value_loss           | 0.000275    |
-----------------------------------------
-----------------------------------------
| rollout/                |             |
|    ep_len_mean          | 1.97e+03    |
|    ep_rew_mean          | -1.52       |
| time/                   |             |
|    fps                  | 4123        |
|    iterations           | 40          |
|    time_elapsed         | 19          |
|    total_timesteps      | 81920       |
| train/                  |             |
|    approx_kl            | 0.009614153 |
|    clip_fraction        | 0.0921      |
|    clip_range           | 0.2         |
|    entropy_loss         | -1.29       |
|    explained_variance   | 0.169       |
|    learning_rate        | 0.0003      |
|    loss                 | -0.0233     |
|    n_updates            | 390         |
|    policy_gradient_loss | -0.0179     |
|    value_loss           | 0.000233    |
-----------------------------------------
----------------------------------------
| rollout/                |            |
|    ep_len_mean          | 1.97e+03   |
|    ep_rew_mean          | -1.52      |
| time/                   |            |
|    fps                  | 4123       |
|    iterations           | 41         |
|    time_elapsed         | 20         |
|    total_timesteps      | 83968      |
| train/                  |            |
|    approx_kl            | 0.01000269 |
|    clip_fraction        | 0.117      |
|    clip_range           | 0.2        |
|    entropy_loss         | -1.27      |
|    explained_variance   | 0.367      |
|    learning_rate        | 0.0003     |
|    loss                 | -0.0213    |
|    n_updates            | 400        |
|    policy_gradient_loss | -0.0211    |
|    value_loss           | 0.000335   |
----------------------------------------
------------------------------------------
| rollout/                |              |
|    ep_len_mean          | 2.02e+03     |
|    ep_rew_mean          | -1.5         |
| time/                   |              |
|    fps                  | 4123         |
|    iterations           | 42           |
|    time_elapsed         | 20           |
|    total_timesteps      | 86016        |
| train/                  |              |
|    approx_kl            | 0.0076586907 |
|    clip_fraction        | 0.0891       |
|    clip_range           | 0.2          |
|    entropy_loss         | -1.22        |
|    explained_variance   | 0.0534       |
|    learning_rate        | 0.0003       |
|    loss                 | -0.021       |
|    n_updates            | 410          |
|    policy_gradient_loss | -0.0161      |
|    value_loss           | 0.000278     |
------------------------------------------
-----------------------------------------
| rollout/                |             |
|    ep_len_mean          | 2.02e+03    |
|    ep_rew_mean          | -1.5        |
| time/                   |             |
|    fps                  | 4125        |
|    iterations           | 43          |
|    time_elapsed         | 21          |
|    total_timesteps      | 88064       |
| train/                  |             |
|    approx_kl            | 0.011134123 |
|    clip_fraction        | 0.108       |
|    clip_range           | 0.2         |
|    entropy_loss         | -1.18       |
|    explained_variance   | 0.043       |
|    learning_rate        | 0.0003      |
|    loss                 | -0.0222     |
|    n_updates            | 420         |
|    policy_gradient_loss | -0.0174     |
|    value_loss           | 0.000313    |
-----------------------------------------
-----------------------------------------
| rollout/                |             |
|    ep_len_mean          | 2.08e+03    |
|    ep_rew_mean          | -1.48       |
| time/                   |             |
|    fps                  | 4125        |
|    iterations           | 44          |
|    time_elapsed         | 21          |
|    total_timesteps      | 90112       |
| train/                  |             |
|    approx_kl            | 0.009520278 |
|    clip_fraction        | 0.0988      |
|    clip_range           | 0.2         |
|    entropy_loss         | -1.19       |
|    explained_variance   | -0.0167     |
|    learning_rate        | 0.0003      |
|    loss                 | -0.00895    |
|    n_updates            | 430         |
|    policy_gradient_loss | -0.0165     |
|    value_loss           | 0.000246    |
-----------------------------------------
-----------------------------------------
| rollout/                |             |
|    ep_len_mean          | 2.08e+03    |
|    ep_rew_mean          | -1.48       |
| time/                   |             |
|    fps                  | 4126        |
|    iterations           | 45          |
|    time_elapsed         | 22          |
|    total_timesteps      | 92160       |
| train/                  |             |
|    approx_kl            | 0.010240752 |
|    clip_fraction        | 0.0925      |
|    clip_range           | 0.2         |
|    entropy_loss         | -1.17       |
|    explained_variance   | -0.335      |
|    learning_rate        | 0.0003      |
|    loss                 | -0.0191     |
|    n_updates            | 440         |
|    policy_gradient_loss | -0.0188     |
|    value_loss           | 0.000254    |
-----------------------------------------
-----------------------------------------
| rollout/                |             |
|    ep_len_mean          | 2.13e+03    |
|    ep_rew_mean          | -1.46       |
| time/                   |             |
|    fps                  | 4127        |
|    iterations           | 46          |
|    time_elapsed         | 22          |
|    total_timesteps      | 94208       |
| train/                  |             |
|    approx_kl            | 0.010172483 |
|    clip_fraction        | 0.0992      |
|    clip_range           | 0.2         |
|    entropy_loss         | -1.18       |
|    explained_variance   | 0.222       |
|    learning_rate        | 0.0003      |
|    loss                 | -0.0414     |
|    n_updates            | 450         |
|    policy_gradient_loss | -0.0158     |
|    value_loss           | 0.000251    |
-----------------------------------------
-----------------------------------------
| rollout/                |             |
|    ep_len_mean          | 2.13e+03    |
|    ep_rew_mean          | -1.46       |
| time/                   |             |
|    fps                  | 4128        |
|    iterations           | 47          |
|    time_elapsed         | 23          |
|    total_timesteps      | 96256       |
| train/                  |             |
|    approx_kl            | 0.009714019 |
|    clip_fraction        | 0.114       |
|    clip_range           | 0.2         |
|    entropy_loss         | -1.13       |
|    explained_variance   | -0.0858     |
|    learning_rate        | 0.0003      |
|    loss                 | -0.0175     |
|    n_updates            | 460         |
|    policy_gradient_loss | -0.0173     |
|    value_loss           | 0.000436    |
-----------------------------------------
-----------------------------------------
| rollout/                |             |
|    ep_len_mean          | 2.18e+03    |
|    ep_rew_mean          | -1.43       |
| time/                   |             |
|    fps                  | 4128        |
|    iterations           | 48          |
|    time_elapsed         | 23          |
|    total_timesteps      | 98304       |
| train/                  |             |
|    approx_kl            | 0.014395773 |
|    clip_fraction        | 0.136       |
|    clip_range           | 0.2         |
|    entropy_loss         | -1.14       |
|    explained_variance   | -0.286      |
|    learning_rate        | 0.0003      |
|    loss                 | -0.0188     |
|    n_updates            | 470         |
|    policy_gradient_loss | -0.0216     |
|    value_loss           | 0.000253    |
-----------------------------------------
-----------------------------------------
| rollout/                |             |
|    ep_len_mean          | 2.18e+03    |
|    ep_rew_mean          | -1.43       |
| time/                   |             |
|    fps                  | 4129        |
|    iterations           | 49          |
|    time_elapsed         | 24          |
|    total_timesteps      | 100352      |
| train/                  |             |
|    approx_kl            | 0.012894179 |
|    clip_fraction        | 0.127       |
|    clip_range           | 0.2         |
|    entropy_loss         | -1.17       |
|    explained_variance   | 0.176       |
|    learning_rate        | 0.0003      |
|    loss                 | -0.0118     |
|    n_updates            | 480         |
|    policy_gradient_loss | -0.0197     |
|    value_loss           | 0.000319    |
-----------------------------------------
------------------------------------------
| rollout/                |              |
|    ep_len_mean          | 2.22e+03     |
|    ep_rew_mean          | -1.41        |
| time/                   |              |
|    fps                  | 4129         |
|    iterations           | 50           |
|    time_elapsed         | 24           |
|    total_timesteps      | 102400       |
| train/                  |              |
|    approx_kl            | 0.0094300695 |
|    clip_fraction        | 0.104        |
|    clip_range           | 0.2          |
|    entropy_loss         | -1.16        |
|    explained_variance   | 0.243        |
|    learning_rate        | 0.0003       |
|    loss                 | -0.0225      |
|    n_updates            | 490          |
|    policy_gradient_loss | -0.0156      |
|    value_loss           | 0.000345     |
------------------------------------------
-----------------------------------------
| rollout/                |             |
|    ep_len_mean          | 2.22e+03    |
|    ep_rew_mean          | -1.41       |
| time/                   |             |
|    fps                  | 4130        |
|    iterations           | 51          |
|    time_elapsed         | 25          |
|    total_timesteps      | 104448      |
| train/                  |             |
|    approx_kl            | 0.009682201 |
|    clip_fraction        | 0.116       |
|    clip_range           | 0.2         |
|    entropy_loss         | -1.16       |
|    explained_variance   | -0.625      |
|    learning_rate        | 0.0003      |
|    loss                 | -0.0183     |
|    n_updates            | 500         |
|    policy_gradient_loss | -0.019      |
|    value_loss           | 0.000281    |
-----------------------------------------
----------------------------------------
| rollout/                |            |
|    ep_len_mean          | 2.22e+03   |
|    ep_rew_mean          | -1.41      |
| time/                   |            |
|    fps                  | 4111       |
|    iterations           | 52         |
|    time_elapsed         | 25         |
|    total_timesteps      | 106496     |
| train/                  |            |
|    approx_kl            | 0.01015796 |
|    clip_fraction        | 0.125      |
|    clip_range           | 0.2        |
|    entropy_loss         | -1.13      |
|    explained_variance   | 0.186      |
|    learning_rate        | 0.0003     |
|    loss                 | -0.0184    |
|    n_updates            | 510        |
|    policy_gradient_loss | -0.018     |
|    value_loss           | 0.000313   |
----------------------------------------
-----------------------------------------
| rollout/                |             |
|    ep_len_mean          | 2.27e+03    |
|    ep_rew_mean          | -1.39       |
| time/                   |             |
|    fps                  | 4111        |
|    iterations           | 53          |
|    time_elapsed         | 26          |
|    total_timesteps      | 108544      |
| train/                  |             |
|    approx_kl            | 0.008972723 |
|    clip_fraction        | 0.101       |
|    clip_range           | 0.2         |
|    entropy_loss         | -1.13       |
|    explained_variance   | -0.0595     |
|    learning_rate        | 0.0003      |
|    loss                 | -0.0326     |
|    n_updates            | 520         |
|    policy_gradient_loss | -0.018      |
|    value_loss           | 0.000338    |
-----------------------------------------
-----------------------------------------
| rollout/                |             |
|    ep_len_mean          | 2.27e+03    |
|    ep_rew_mean          | -1.39       |
| time/                   |             |
|    fps                  | 4111        |
|    iterations           | 54          |
|    time_elapsed         | 26          |
|    total_timesteps      | 110592      |
| train/                  |             |
|    approx_kl            | 0.012065056 |
|    clip_fraction        | 0.116       |
|    clip_range           | 0.2         |
|    entropy_loss         | -1.13       |
|    explained_variance   | 0.295       |
|    learning_rate        | 0.0003      |
|    loss                 | -0.0316     |
|    n_updates            | 530         |
|    policy_gradient_loss | -0.0187     |
|    value_loss           | 0.000339    |
-----------------------------------------
-----------------------------------------
| rollout/                |             |
|    ep_len_mean          | 2.31e+03    |
|    ep_rew_mean          | -1.36       |
| time/                   |             |
|    fps                  | 4110        |
|    iterations           | 55          |
|    time_elapsed         | 27          |
|    total_timesteps      | 112640      |
| train/                  |             |
|    approx_kl            | 0.016006846 |
|    clip_fraction        | 0.112       |
|    clip_range           | 0.2         |
|    entropy_loss         | -1.15       |
|    explained_variance   | -0.163      |
|    learning_rate        | 0.0003      |
|    loss                 | -0.0363     |
|    n_updates            | 540         |
|    policy_gradient_loss | -0.0187     |
|    value_loss           | 0.000341    |
-----------------------------------------
-----------------------------------------
| rollout/                |             |
|    ep_len_mean          | 2.31e+03    |
|    ep_rew_mean          | -1.36       |
| time/                   |             |
|    fps                  | 4111        |
|    iterations           | 56          |
|    time_elapsed         | 27          |
|    total_timesteps      | 114688      |
| train/                  |             |
|    approx_kl            | 0.008695696 |
|    clip_fraction        | 0.0897      |
|    clip_range           | 0.2         |
|    entropy_loss         | -1.14       |
|    explained_variance   | 0.155       |
|    learning_rate        | 0.0003      |
|    loss                 | -0.03       |
|    n_updates            | 550         |
|    policy_gradient_loss | -0.016      |
|    value_loss           | 0.000268    |
-----------------------------------------
-----------------------------------------
| rollout/                |             |
|    ep_len_mean          | 2.35e+03    |
|    ep_rew_mean          | -1.34       |
| time/                   |             |
|    fps                  | 4111        |
|    iterations           | 57          |
|    time_elapsed         | 28          |
|    total_timesteps      | 116736      |
| train/                  |             |
|    approx_kl            | 0.009711798 |
|    clip_fraction        | 0.105       |
|    clip_range           | 0.2         |
|    entropy_loss         | -1.11       |
|    explained_variance   | 0.143       |
|    learning_rate        | 0.0003      |
|    loss                 | -0.00918    |
|    n_updates            | 560         |
|    policy_gradient_loss | -0.0173     |
|    value_loss           | 0.000369    |
-----------------------------------------
-----------------------------------------
| rollout/                |             |
|    ep_len_mean          | 2.35e+03    |
|    ep_rew_mean          | -1.34       |
| time/                   |             |
|    fps                  | 4112        |
|    iterations           | 58          |
|    time_elapsed         | 28          |
|    total_timesteps      | 118784      |
| train/                  |             |
|    approx_kl            | 0.020844916 |
|    clip_fraction        | 0.167       |
|    clip_range           | 0.2         |
|    entropy_loss         | -1.2        |
|    explained_variance   | 0.118       |
|    learning_rate        | 0.0003      |
|    loss                 | -0.0231     |
|    n_updates            | 570         |
|    policy_gradient_loss | -0.0239     |
|    value_loss           | 0.000325    |
-----------------------------------------
-----------------------------------------
| rollout/                |             |
|    ep_len_mean          | 2.39e+03    |
|    ep_rew_mean          | -1.32       |
| time/                   |             |
|    fps                  | 4113        |
|    iterations           | 59          |
|    time_elapsed         | 29          |
|    total_timesteps      | 120832      |
| train/                  |             |
|    approx_kl            | 0.010263765 |
|    clip_fraction        | 0.126       |
|    clip_range           | 0.2         |
|    entropy_loss         | -1.19       |
|    explained_variance   | 0.171       |
|    learning_rate        | 0.0003      |
|    loss                 | -0.0149     |
|    n_updates            | 580         |
|    policy_gradient_loss | -0.0197     |
|    value_loss           | 0.0004      |
-----------------------------------------
-----------------------------------------
| rollout/                |             |
|    ep_len_mean          | 2.39e+03    |
|    ep_rew_mean          | -1.32       |
| time/                   |             |
|    fps                  | 4113        |
|    iterations           | 60          |
|    time_elapsed         | 29          |
|    total_timesteps      | 122880      |
| train/                  |             |
|    approx_kl            | 0.011312948 |
|    clip_fraction        | 0.122       |
|    clip_range           | 0.2         |
|    entropy_loss         | -1.22       |
|    explained_variance   | 0.152       |
|    learning_rate        | 0.0003      |
|    loss                 | -0.0139     |
|    n_updates            | 590         |
|    policy_gradient_loss | -0.0207     |
|    value_loss           | 0.000239    |
-----------------------------------------
-----------------------------------------
| rollout/                |             |
|    ep_len_mean          | 2.43e+03    |
|    ep_rew_mean          | -1.3        |
| time/                   |             |
|    fps                  | 4113        |
|    iterations           | 61          |
|    time_elapsed         | 30          |
|    total_timesteps      | 124928      |
| train/                  |             |
|    approx_kl            | 0.013001023 |
|    clip_fraction        | 0.126       |
|    clip_range           | 0.2         |
|    entropy_loss         | -1.19       |
|    explained_variance   | 0.187       |
|    learning_rate        | 0.0003      |
|    loss                 | -0.0046     |
|    n_updates            | 600         |
|    policy_gradient_loss | -0.019      |
|    value_loss           | 0.00034     |
-----------------------------------------
-----------------------------------------
| rollout/                |             |
|    ep_len_mean          | 2.43e+03    |
|    ep_rew_mean          | -1.3        |
| time/                   |             |
|    fps                  | 4112        |
|    iterations           | 62          |
|    time_elapsed         | 30          |
|    total_timesteps      | 126976      |
| train/                  |             |
|    approx_kl            | 0.014000772 |
|    clip_fraction        | 0.139       |
|    clip_range           | 0.2         |
|    entropy_loss         | -1.19       |
|    explained_variance   | -0.414      |
|    learning_rate        | 0.0003      |
|    loss                 | -0.0313     |
|    n_updates            | 610         |
|    policy_gradient_loss | -0.0219     |
|    value_loss           | 0.000255    |
-----------------------------------------
-----------------------------------------
| rollout/                |             |
|    ep_len_mean          | 2.46e+03    |
|    ep_rew_mean          | -1.27       |
| time/                   |             |
|    fps                  | 4113        |
|    iterations           | 63          |
|    time_elapsed         | 31          |
|    total_timesteps      | 129024      |
| train/                  |             |
|    approx_kl            | 0.012289504 |
|    clip_fraction        | 0.127       |
|    clip_range           | 0.2         |
|    entropy_loss         | -1.16       |
|    explained_variance   | 0.257       |
|    learning_rate        | 0.0003      |
|    loss                 | -0.00836    |
|    n_updates            | 620         |
|    policy_gradient_loss | -0.0173     |
|    value_loss           | 0.000212    |
-----------------------------------------
-----------------------------------------
| rollout/                |             |
|    ep_len_mean          | 2.46e+03    |
|    ep_rew_mean          | -1.27       |
| time/                   |             |
|    fps                  | 4113        |
|    iterations           | 64          |
|    time_elapsed         | 31          |
|    total_timesteps      | 131072      |
| train/                  |             |
|    approx_kl            | 0.010998751 |
|    clip_fraction        | 0.109       |
|    clip_range           | 0.2         |
|    entropy_loss         | -1.1        |
|    explained_variance   | 0.211       |
|    learning_rate        | 0.0003      |
|    loss                 | -0.022      |
|    n_updates            | 630         |
|    policy_gradient_loss | -0.0176     |
|    value_loss           | 0.000435    |
-----------------------------------------
-----------------------------------------
| rollout/                |             |
|    ep_len_mean          | 2.5e+03     |
|    ep_rew_mean          | -1.25       |
| time/                   |             |
|    fps                  | 4114        |
|    iterations           | 65          |
|    time_elapsed         | 32          |
|    total_timesteps      | 133120      |
| train/                  |             |
|    approx_kl            | 0.012796328 |
|    clip_fraction        | 0.12        |
|    clip_range           | 0.2         |
|    entropy_loss         | -1.11       |
|    explained_variance   | 0.27        |
|    learning_rate        | 0.0003      |
|    loss                 | -0.0156     |
|    n_updates            | 640         |
|    policy_gradient_loss | -0.0178     |
|    value_loss           | 0.000275    |
-----------------------------------------
-----------------------------------------
| rollout/                |             |
|    ep_len_mean          | 2.5e+03     |
|    ep_rew_mean          | -1.25       |
| time/                   |             |
|    fps                  | 4114        |
|    iterations           | 66          |
|    time_elapsed         | 32          |
|    total_timesteps      | 135168      |
| train/                  |             |
|    approx_kl            | 0.009564217 |
|    clip_fraction        | 0.0941      |
|    clip_range           | 0.2         |
|    entropy_loss         | -1.1        |
|    explained_variance   | 0.265       |
|    learning_rate        | 0.0003      |
|    loss                 | -0.0111     |
|    n_updates            | 650         |
|    policy_gradient_loss | -0.0142     |
|    value_loss           | 0.000458    |
-----------------------------------------
-----------------------------------------
| rollout/                |             |
|    ep_len_mean          | 2.53e+03    |
|    ep_rew_mean          | -1.22       |
| time/                   |             |
|    fps                  | 4114        |
|    iterations           | 67          |
|    time_elapsed         | 33          |
|    total_timesteps      | 137216      |
| train/                  |             |
|    approx_kl            | 0.011111519 |
|    clip_fraction        | 0.119       |
|    clip_range           | 0.2         |
|    entropy_loss         | -1.1        |
|    explained_variance   | 0.291       |
|    learning_rate        | 0.0003      |
|    loss                 | -0.0128     |
|    n_updates            | 660         |
|    policy_gradient_loss | -0.0183     |
|    value_loss           | 0.000296    |
-----------------------------------------
-----------------------------------------
| rollout/                |             |
|    ep_len_mean          | 2.53e+03    |
|    ep_rew_mean          | -1.22       |
| time/                   |             |
|    fps                  | 4113        |
|    iterations           | 68          |
|    time_elapsed         | 33          |
|    total_timesteps      | 139264      |
| train/                  |             |
|    approx_kl            | 0.012349002 |
|    clip_fraction        | 0.117       |
|    clip_range           | 0.2         |
|    entropy_loss         | -1.09       |
|    explained_variance   | 0.271       |
|    learning_rate        | 0.0003      |
|    loss                 | -0.0251     |
|    n_updates            | 670         |
|    policy_gradient_loss | -0.017      |
|    value_loss           | 0.000481    |
-----------------------------------------
----------------------------------------
| rollout/                |            |
|    ep_len_mean          | 2.56e+03   |
|    ep_rew_mean          | -1.19      |
| time/                   |            |
|    fps                  | 4113       |
|    iterations           | 69         |
|    time_elapsed         | 34         |
|    total_timesteps      | 141312     |
| train/                  |            |
|    approx_kl            | 0.01261518 |
|    clip_fraction        | 0.126      |
|    clip_range           | 0.2        |
|    entropy_loss         | -1.1       |
|    explained_variance   | 0.227      |
|    learning_rate        | 0.0003     |
|    loss                 | -0.0125    |
|    n_updates            | 680        |
|    policy_gradient_loss | -0.0153    |
|    value_loss           | 0.000326   |
----------------------------------------
-----------------------------------------
| rollout/                |             |
|    ep_len_mean          | 2.56e+03    |
|    ep_rew_mean          | -1.19       |
| time/                   |             |
|    fps                  | 4114        |
|    iterations           | 70          |
|    time_elapsed         | 34          |
|    total_timesteps      | 143360      |
| train/                  |             |
|    approx_kl            | 0.013588283 |
|    clip_fraction        | 0.169       |
|    clip_range           | 0.2         |
|    entropy_loss         | -1.11       |
|    explained_variance   | 0.123       |
|    learning_rate        | 0.0003      |
|    loss                 | 0.00497     |
|    n_updates            | 690         |
|    policy_gradient_loss | -0.0217     |
|    value_loss           | 0.000528    |
-----------------------------------------
-----------------------------------------
| rollout/                |             |
|    ep_len_mean          | 2.59e+03    |
|    ep_rew_mean          | -1.17       |
| time/                   |             |
|    fps                  | 4114        |
|    iterations           | 71          |
|    time_elapsed         | 35          |
|    total_timesteps      | 145408      |
| train/                  |             |
|    approx_kl            | 0.011642598 |
|    clip_fraction        | 0.143       |
|    clip_range           | 0.2         |
|    entropy_loss         | -1.08       |
|    explained_variance   | -0.00238    |
|    learning_rate        | 0.0003      |
|    loss                 | -0.025      |
|    n_updates            | 700         |
|    policy_gradient_loss | -0.0188     |
|    value_loss           | 0.000287    |
-----------------------------------------
----------------------------------------
| rollout/                |            |
|    ep_len_mean          | 2.59e+03   |
|    ep_rew_mean          | -1.17      |
| time/                   |            |
|    fps                  | 4114       |
|    iterations           | 72         |
|    time_elapsed         | 35         |
|    total_timesteps      | 147456     |
| train/                  |            |
|    approx_kl            | 0.01142018 |
|    clip_fraction        | 0.126      |
|    clip_range           | 0.2        |
|    entropy_loss         | -1.05      |
|    explained_variance   | 0.375      |
|    learning_rate        | 0.0003     |
|    loss                 | -0.0423    |
|    n_updates            | 710        |
|    policy_gradient_loss | -0.0166    |
|    value_loss           | 0.000306   |
----------------------------------------
-----------------------------------------
| rollout/                |             |
|    ep_len_mean          | 2.59e+03    |
|    ep_rew_mean          | -1.17       |
| time/                   |             |
|    fps                  | 4115        |
|    iterations           | 73          |
|    time_elapsed         | 36          |
|    total_timesteps      | 149504      |
| train/                  |             |
|    approx_kl            | 0.014566544 |
|    clip_fraction        | 0.131       |
|    clip_range           | 0.2         |
|    entropy_loss         | -1.1        |
|    explained_variance   | 0.44        |
|    learning_rate        | 0.0003      |
|    loss                 | -0.0343     |
|    n_updates            | 720         |
|    policy_gradient_loss | -0.0175     |
|    value_loss           | 0.000302    |
-----------------------------------------
-----------------------------------------
| rollout/                |             |
|    ep_len_mean          | 2.62e+03    |
|    ep_rew_mean          | -1.14       |
| time/                   |             |
|    fps                  | 4116        |
|    iterations           | 74          |
|    time_elapsed         | 36          |
|    total_timesteps      | 151552      |
| train/                  |             |
|    approx_kl            | 0.014225115 |
|    clip_fraction        | 0.129       |
|    clip_range           | 0.2         |
|    entropy_loss         | -1.08       |
|    explained_variance   | 0.185       |
|    learning_rate        | 0.0003      |
|    loss                 | -0.0191     |
|    n_updates            | 730         |
|    policy_gradient_loss | -0.0178     |
|    value_loss           | 0.00047     |
-----------------------------------------
-----------------------------------------
| rollout/                |             |
|    ep_len_mean          | 2.62e+03    |
|    ep_rew_mean          | -1.14       |
| time/                   |             |
|    fps                  | 4116        |
|    iterations           | 75          |
|    time_elapsed         | 37          |
|    total_timesteps      | 153600      |
| train/                  |             |
|    approx_kl            | 0.012356857 |
|    clip_fraction        | 0.121       |
|    clip_range           | 0.2         |
|    entropy_loss         | -1.11       |
|    explained_variance   | 0.00268     |
|    learning_rate        | 0.0003      |
|    loss                 | -0.0203     |
|    n_updates            | 740         |
|    policy_gradient_loss | -0.0212     |
|    value_loss           | 0.00038     |
-----------------------------------------
-----------------------------------------
| rollout/                |             |
|    ep_len_mean          | 2.65e+03    |
|    ep_rew_mean          | -1.12       |
| time/                   |             |
|    fps                  | 4116        |
|    iterations           | 76          |
|    time_elapsed         | 37          |
|    total_timesteps      | 155648      |
| train/                  |             |
|    approx_kl            | 0.011972813 |
|    clip_fraction        | 0.124       |
|    clip_range           | 0.2         |
|    entropy_loss         | -1.13       |
|    explained_variance   | 0.291       |
|    learning_rate        | 0.0003      |
|    loss                 | 0.00509     |
|    n_updates            | 750         |
|    policy_gradient_loss | -0.0198     |
|    value_loss           | 0.000298    |
-----------------------------------------
-----------------------------------------
| rollout/                |             |
|    ep_len_mean          | 2.65e+03    |
|    ep_rew_mean          | -1.12       |
| time/                   |             |
|    fps                  | 4117        |
|    iterations           | 77          |
|    time_elapsed         | 38          |
|    total_timesteps      | 157696      |
| train/                  |             |
|    approx_kl            | 0.011163045 |
|    clip_fraction        | 0.133       |
|    clip_range           | 0.2         |
|    entropy_loss         | -1.15       |
|    explained_variance   | 0.484       |
|    learning_rate        | 0.0003      |
|    loss                 | -0.0293     |
|    n_updates            | 760         |
|    policy_gradient_loss | -0.0183     |
|    value_loss           | 0.000235    |
-----------------------------------------
-----------------------------------------
| rollout/                |             |
|    ep_len_mean          | 2.68e+03    |
|    ep_rew_mean          | -1.1        |
| time/                   |             |
|    fps                  | 4117        |
|    iterations           | 78          |
|    time_elapsed         | 38          |
|    total_timesteps      | 159744      |
| train/                  |             |
|    approx_kl            | 0.011856137 |
|    clip_fraction        | 0.138       |
|    clip_range           | 0.2         |
|    entropy_loss         | -1.12       |
|    explained_variance   | 0.117       |
|    learning_rate        | 0.0003      |
|    loss                 | -0.0381     |
|    n_updates            | 770         |
|    policy_gradient_loss | -0.0181     |
|    value_loss           | 0.000368    |
-----------------------------------------
-----------------------------------------
| rollout/                |             |
|    ep_len_mean          | 2.68e+03    |
|    ep_rew_mean          | -1.1        |
| time/                   |             |
|    fps                  | 4117        |
|    iterations           | 79          |
|    time_elapsed         | 39          |
|    total_timesteps      | 161792      |
| train/                  |             |
|    approx_kl            | 0.010684211 |
|    clip_fraction        | 0.121       |
|    clip_range           | 0.2         |
|    entropy_loss         | -1.14       |
|    explained_variance   | 0.329       |
|    learning_rate        | 0.0003      |
|    loss                 | -0.0455     |
|    n_updates            | 780         |
|    policy_gradient_loss | -0.0177     |
|    value_loss           | 0.000228    |
-----------------------------------------
-----------------------------------------
| rollout/                |             |
|    ep_len_mean          | 2.71e+03    |
|    ep_rew_mean          | -1.08       |
| time/                   |             |
|    fps                  | 4118        |
|    iterations           | 80          |
|    time_elapsed         | 39          |
|    total_timesteps      | 163840      |
| train/                  |             |
|    approx_kl            | 0.024202388 |
|    clip_fraction        | 0.157       |
|    clip_range           | 0.2         |
|    entropy_loss         | -1.14       |
|    explained_variance   | 0.181       |
|    learning_rate        | 0.0003      |
|    loss                 | -0.0362     |
|    n_updates            | 790         |
|    policy_gradient_loss | -0.0199     |
|    value_loss           | 0.000303    |
-----------------------------------------
-----------------------------------------
| rollout/                |             |
|    ep_len_mean          | 2.71e+03    |
|    ep_rew_mean          | -1.08       |
| time/                   |             |
|    fps                  | 4117        |
|    iterations           | 81          |
|    time_elapsed         | 40          |
|    total_timesteps      | 165888      |
| train/                  |             |
|    approx_kl            | 0.014063934 |
|    clip_fraction        | 0.153       |
|    clip_range           | 0.2         |
|    entropy_loss         | -1.21       |
|    explained_variance   | 0.162       |
|    learning_rate        | 0.0003      |
|    loss                 | -0.052      |
|    n_updates            | 800         |
|    policy_gradient_loss | -0.0202     |
|    value_loss           | 0.00025     |
-----------------------------------------
-----------------------------------------
| rollout/                |             |
|    ep_len_mean          | 2.73e+03    |
|    ep_rew_mean          | -1.08       |
| time/                   |             |
|    fps                  | 4113        |
|    iterations           | 82          |
|    time_elapsed         | 40          |
|    total_timesteps      | 167936      |
| train/                  |             |
|    approx_kl            | 0.012745671 |
|    clip_fraction        | 0.138       |
|    clip_range           | 0.2         |
|    entropy_loss         | -1.21       |
|    explained_variance   | 0.328       |
|    learning_rate        | 0.0003      |
|    loss                 | -0.0148     |
|    n_updates            | 810         |
|    policy_gradient_loss | -0.0181     |
|    value_loss           | 0.000438    |
-----------------------------------------
-----------------------------------------
| rollout/                |             |
|    ep_len_mean          | 2.73e+03    |
|    ep_rew_mean          | -1.08       |
| time/                   |             |
|    fps                  | 4112        |
|    iterations           | 83          |
|    time_elapsed         | 41          |
|    total_timesteps      | 169984      |
| train/                  |             |
|    approx_kl            | 0.014825523 |
|    clip_fraction        | 0.165       |
|    clip_range           | 0.2         |
|    entropy_loss         | -1.19       |
|    explained_variance   | 0.12        |
|    learning_rate        | 0.0003      |
|    loss                 | -0.00513    |
|    n_updates            | 820         |
|    policy_gradient_loss | -0.024      |
|    value_loss           | 0.000261    |
-----------------------------------------
-----------------------------------------
| rollout/                |             |
|    ep_len_mean          | 2.76e+03    |
|    ep_rew_mean          | -1.07       |
| time/                   |             |
|    fps                  | 4113        |
|    iterations           | 84          |
|    time_elapsed         | 41          |
|    total_timesteps      | 172032      |
| train/                  |             |
|    approx_kl            | 0.013912791 |
|    clip_fraction        | 0.132       |
|    clip_range           | 0.2         |
|    entropy_loss         | -1.18       |
|    explained_variance   | 0.179       |
|    learning_rate        | 0.0003      |
|    loss                 | -0.0268     |
|    n_updates            | 830         |
|    policy_gradient_loss | -0.0178     |
|    value_loss           | 0.00039     |
-----------------------------------------
-----------------------------------------
| rollout/                |             |
|    ep_len_mean          | 2.76e+03    |
|    ep_rew_mean          | -1.07       |
| time/                   |             |
|    fps                  | 4113        |
|    iterations           | 85          |
|    time_elapsed         | 42          |
|    total_timesteps      | 174080      |
| train/                  |             |
|    approx_kl            | 0.012025043 |
|    clip_fraction        | 0.133       |
|    clip_range           | 0.2         |
|    entropy_loss         | -1.17       |
|    explained_variance   | -0.218      |
|    learning_rate        | 0.0003      |
|    loss                 | -0.0211     |
|    n_updates            | 840         |
|    policy_gradient_loss | -0.022      |
|    value_loss           | 0.000282    |
-----------------------------------------
-----------------------------------------
| rollout/                |             |
|    ep_len_mean          | 2.78e+03    |
|    ep_rew_mean          | -1.06       |
| time/                   |             |
|    fps                  | 4113        |
|    iterations           | 86          |
|    time_elapsed         | 42          |
|    total_timesteps      | 176128      |
| train/                  |             |
|    approx_kl            | 0.011641603 |
|    clip_fraction        | 0.129       |
|    clip_range           | 0.2         |
|    entropy_loss         | -1.18       |
|    explained_variance   | 0.303       |
|    learning_rate        | 0.0003      |
|    loss                 | -0.0248     |
|    n_updates            | 850         |
|    policy_gradient_loss | -0.0187     |
|    value_loss           | 0.000269    |
-----------------------------------------
-----------------------------------------
| rollout/                |             |
|    ep_len_mean          | 2.78e+03    |
|    ep_rew_mean          | -1.06       |
| time/                   |             |
|    fps                  | 4112        |
|    iterations           | 87          |
|    time_elapsed         | 43          |
|    total_timesteps      | 178176      |
| train/                  |             |
|    approx_kl            | 0.014036426 |
|    clip_fraction        | 0.149       |
|    clip_range           | 0.2         |
|    entropy_loss         | -1.16       |
|    explained_variance   | 0.353       |
|    learning_rate        | 0.0003      |
|    loss                 | 0.0056      |
|    n_updates            | 860         |
|    policy_gradient_loss | -0.018      |
|    value_loss           | 0.000405    |
-----------------------------------------
------------------------------------------
| rollout/                |              |
|    ep_len_mean          | 2.81e+03     |
|    ep_rew_mean          | -1.05        |
| time/                   |              |
|    fps                  | 4100         |
|    iterations           | 88           |
|    time_elapsed         | 43           |
|    total_timesteps      | 180224       |
| train/                  |              |
|    approx_kl            | 0.0154343955 |
|    clip_fraction        | 0.142        |
|    clip_range           | 0.2          |
|    entropy_loss         | -1.16        |
|    explained_variance   | 0.413        |
|    learning_rate        | 0.0003       |
|    loss                 | -0.0388      |
|    n_updates            | 870          |
|    policy_gradient_loss | -0.0168      |
|    value_loss           | 0.000477     |
------------------------------------------
-----------------------------------------
| rollout/                |             |
|    ep_len_mean          | 2.81e+03    |
|    ep_rew_mean          | -1.05       |
| time/                   |             |
|    fps                  | 4100        |
|    iterations           | 89          |
|    time_elapsed         | 44          |
|    total_timesteps      | 182272      |
| train/                  |             |
|    approx_kl            | 0.012659127 |
|    clip_fraction        | 0.148       |
|    clip_range           | 0.2         |
|    entropy_loss         | -1.17       |
|    explained_variance   | -0.653      |
|    learning_rate        | 0.0003      |
|    loss                 | -0.0401     |
|    n_updates            | 880         |
|    policy_gradient_loss | -0.0206     |
|    value_loss           | 0.000295    |
-----------------------------------------
-----------------------------------------
| rollout/                |             |
|    ep_len_mean          | 2.83e+03    |
|    ep_rew_mean          | -1.04       |
| time/                   |             |
|    fps                  | 4100        |
|    iterations           | 90          |
|    time_elapsed         | 44          |
|    total_timesteps      | 184320      |
| train/                  |             |
|    approx_kl            | 0.014096303 |
|    clip_fraction        | 0.163       |
|    clip_range           | 0.2         |
|    entropy_loss         | -1.18       |
|    explained_variance   | 0.242       |
|    learning_rate        | 0.0003      |
|    loss                 | -0.0131     |
|    n_updates            | 890         |
|    policy_gradient_loss | -0.0243     |
|    value_loss           | 0.000232    |
-----------------------------------------
-----------------------------------------
| rollout/                |             |
|    ep_len_mean          | 2.83e+03    |
|    ep_rew_mean          | -1.04       |
| time/                   |             |
|    fps                  | 4098        |
|    iterations           | 91          |
|    time_elapsed         | 45          |
|    total_timesteps      | 186368      |
| train/                  |             |
|    approx_kl            | 0.013329983 |
|    clip_fraction        | 0.155       |
|    clip_range           | 0.2         |
|    entropy_loss         | -1.14       |
|    explained_variance   | 0.103       |
|    learning_rate        | 0.0003      |
|    loss                 | -0.037      |
|    n_updates            | 900         |
|    policy_gradient_loss | -0.0185     |
|    value_loss           | 0.000351    |
-----------------------------------------
-----------------------------------------
| rollout/                |             |
|    ep_len_mean          | 2.85e+03    |
|    ep_rew_mean          | -1.02       |
| time/                   |             |
|    fps                  | 4098        |
|    iterations           | 92          |
|    time_elapsed         | 45          |
|    total_timesteps      | 188416      |
| train/                  |             |
|    approx_kl            | 0.015626237 |
|    clip_fraction        | 0.155       |
|    clip_range           | 0.2         |
|    entropy_loss         | -1.18       |
|    explained_variance   | 0.299       |
|    learning_rate        | 0.0003      |
|    loss                 | -0.0249     |
|    n_updates            | 910         |
|    policy_gradient_loss | -0.0202     |
|    value_loss           | 0.00033     |
-----------------------------------------
-----------------------------------------
| rollout/                |             |
|    ep_len_mean          | 2.85e+03    |
|    ep_rew_mean          | -1.02       |
| time/                   |             |
|    fps                  | 4098        |
|    iterations           | 93          |
|    time_elapsed         | 46          |
|    total_timesteps      | 190464      |
| train/                  |             |
|    approx_kl            | 0.013540968 |
|    clip_fraction        | 0.173       |
|    clip_range           | 0.2         |
|    entropy_loss         | -1.17       |
|    explained_variance   | 0.187       |
|    learning_rate        | 0.0003      |
|    loss                 | -0.0526     |
|    n_updates            | 920         |
|    policy_gradient_loss | -0.0179     |
|    value_loss           | 0.000319    |
-----------------------------------------
----------------------------------------
| rollout/                |            |
|    ep_len_mean          | 2.85e+03   |
|    ep_rew_mean          | -1.02      |
| time/                   |            |
|    fps                  | 4099       |
|    iterations           | 94         |
|    time_elapsed         | 46         |
|    total_timesteps      | 192512     |
| train/                  |            |
|    approx_kl            | 0.01208964 |
|    clip_fraction        | 0.149      |
|    clip_range           | 0.2        |
|    entropy_loss         | -1.14      |
|    explained_variance   | 0.463      |
|    learning_rate        | 0.0003     |
|    loss                 | -0.0551    |
|    n_updates            | 930        |
|    policy_gradient_loss | -0.0212    |
|    value_loss           | 0.000364   |
----------------------------------------
-----------------------------------------
| rollout/                |             |
|    ep_len_mean          | 2.87e+03    |
|    ep_rew_mean          | -1.01       |
| time/                   |             |
|    fps                  | 4098        |
|    iterations           | 95          |
|    time_elapsed         | 47          |
|    total_timesteps      | 194560      |
| train/                  |             |
|    approx_kl            | 0.013472471 |
|    clip_fraction        | 0.139       |
|    clip_range           | 0.2         |
|    entropy_loss         | -1.11       |
|    explained_variance   | -0.112      |
|    learning_rate        | 0.0003      |
|    loss                 | -0.0321     |
|    n_updates            | 940         |
|    policy_gradient_loss | -0.0184     |
|    value_loss           | 0.000336    |
-----------------------------------------
-----------------------------------------
| rollout/                |             |
|    ep_len_mean          | 2.87e+03    |
|    ep_rew_mean          | -1.01       |
| time/                   |             |
|    fps                  | 4098        |
|    iterations           | 96          |
|    time_elapsed         | 47          |
|    total_timesteps      | 196608      |
| train/                  |             |
|    approx_kl            | 0.013717113 |
|    clip_fraction        | 0.152       |
|    clip_range           | 0.2         |
|    entropy_loss         | -1.1        |
|    explained_variance   | 0.269       |
|    learning_rate        | 0.0003      |
|    loss                 | -0.0223     |
|    n_updates            | 950         |
|    policy_gradient_loss | -0.0216     |
|    value_loss           | 0.000331    |
-----------------------------------------
-----------------------------------------
| rollout/                |             |
|    ep_len_mean          | 2.89e+03    |
|    ep_rew_mean          | -1          |
| time/                   |             |
|    fps                  | 4099        |
|    iterations           | 97          |
|    time_elapsed         | 48          |
|    total_timesteps      | 198656      |
| train/                  |             |
|    approx_kl            | 0.013918818 |
|    clip_fraction        | 0.143       |
|    clip_range           | 0.2         |
|    entropy_loss         | -1.07       |
|    explained_variance   | 0.113       |
|    learning_rate        | 0.0003      |
|    loss                 | -0.00424    |
|    n_updates            | 960         |
|    policy_gradient_loss | -0.0181     |
|    value_loss           | 0.000344    |
-----------------------------------------
-----------------------------------------
| rollout/                |             |
|    ep_len_mean          | 2.89e+03    |
|    ep_rew_mean          | -1          |
| time/                   |             |
|    fps                  | 4099        |
|    iterations           | 98          |
|    time_elapsed         | 48          |
|    total_timesteps      | 200704      |
| train/                  |             |
|    approx_kl            | 0.013944346 |
|    clip_fraction        | 0.157       |
|    clip_range           | 0.2         |
|    entropy_loss         | -1.08       |
|    explained_variance   | -0.0437     |
|    learning_rate        | 0.0003      |
|    loss                 | -0.00299    |
|    n_updates            | 970         |
|    policy_gradient_loss | -0.0201     |
|    value_loss           | 0.000414    |
-----------------------------------------
-----------------------------------------
| rollout/                |             |
|    ep_len_mean          | 2.91e+03    |
|    ep_rew_mean          | -0.987      |
| time/                   |             |
|    fps                  | 4100        |
|    iterations           | 99          |
|    time_elapsed         | 49          |
|    total_timesteps      | 202752      |
| train/                  |             |
|    approx_kl            | 0.011751985 |
|    clip_fraction        | 0.119       |
|    clip_range           | 0.2         |
|    entropy_loss         | -1.07       |
|    explained_variance   | 0.26        |
|    learning_rate        | 0.0003      |
|    loss                 | -0.0286     |
|    n_updates            | 980         |
|    policy_gradient_loss | -0.0185     |
|    value_loss           | 0.000284    |
-----------------------------------------
-----------------------------------------
| rollout/                |             |
|    ep_len_mean          | 2.91e+03    |
|    ep_rew_mean          | -0.987      |
| time/                   |             |
|    fps                  | 4100        |
|    iterations           | 100         |
|    time_elapsed         | 49          |
|    total_timesteps      | 204800      |
| train/                  |             |
|    approx_kl            | 0.012628914 |
|    clip_fraction        | 0.14        |
|    clip_range           | 0.2         |
|    entropy_loss         | -1.06       |
|    explained_variance   | 0.465       |
|    learning_rate        | 0.0003      |
|    loss                 | -0.0257     |
|    n_updates            | 990         |
|    policy_gradient_loss | -0.0193     |
|    value_loss           | 0.000374    |
-----------------------------------------
-----------------------------------------
| rollout/                |             |
|    ep_len_mean          | 2.93e+03    |
|    ep_rew_mean          | -0.972      |
| time/                   |             |
|    fps                  | 4100        |
|    iterations           | 101         |
|    time_elapsed         | 50          |
|    total_timesteps      | 206848      |
| train/                  |             |
|    approx_kl            | 0.014534829 |
|    clip_fraction        | 0.133       |
|    clip_range           | 0.2         |
|    entropy_loss         | -1.06       |
|    explained_variance   | 0.28        |
|    learning_rate        | 0.0003      |
|    loss                 | 0.0276      |
|    n_updates            | 1000        |
|    policy_gradient_loss | -0.0185     |
|    value_loss           | 0.000354    |
-----------------------------------------
-----------------------------------------
| rollout/                |             |
|    ep_len_mean          | 2.93e+03    |
|    ep_rew_mean          | -0.972      |
| time/                   |             |
|    fps                  | 4100        |
|    iterations           | 102         |
|    time_elapsed         | 50          |
|    total_timesteps      | 208896      |
| train/                  |             |
|    approx_kl            | 0.014241656 |
|    clip_fraction        | 0.154       |
|    clip_range           | 0.2         |
|    entropy_loss         | -1.08       |
|    explained_variance   | 0.375       |
|    learning_rate        | 0.0003      |
|    loss                 | -0.0174     |
|    n_updates            | 1010        |
|    policy_gradient_loss | -0.0197     |
|    value_loss           | 0.000256    |
-----------------------------------------
-----------------------------------------
| rollout/                |             |
|    ep_len_mean          | 2.95e+03    |
|    ep_rew_mean          | -0.963      |
| time/                   |             |
|    fps                  | 4100        |
|    iterations           | 103         |
|    time_elapsed         | 51          |
|    total_timesteps      | 210944      |
| train/                  |             |
|    approx_kl            | 0.016568542 |
|    clip_fraction        | 0.167       |
|    clip_range           | 0.2         |
|    entropy_loss         | -0.997      |
|    explained_variance   | 0.309       |
|    learning_rate        | 0.0003      |
|    loss                 | -0.0181     |
|    n_updates            | 1020        |
|    policy_gradient_loss | -0.018      |
|    value_loss           | 0.000386    |
-----------------------------------------
----------------------------------------
| rollout/                |            |
|    ep_len_mean          | 2.95e+03   |
|    ep_rew_mean          | -0.963     |
| time/                   |            |
|    fps                  | 4100       |
|    iterations           | 104        |
|    time_elapsed         | 51         |
|    total_timesteps      | 212992     |
| train/                  |            |
|    approx_kl            | 0.01279982 |
|    clip_fraction        | 0.155      |
|    clip_range           | 0.2        |
|    entropy_loss         | -1.02      |
|    explained_variance   | -0.269     |
|    learning_rate        | 0.0003     |
|    loss                 | -0.0326    |
|    n_updates            | 1030       |
|    policy_gradient_loss | -0.0242    |
|    value_loss           | 0.00026    |
----------------------------------------
-----------------------------------------
| rollout/                |             |
|    ep_len_mean          | 2.97e+03    |
|    ep_rew_mean          | -0.947      |
| time/                   |             |
|    fps                  | 4100        |
|    iterations           | 105         |
|    time_elapsed         | 52          |
|    total_timesteps      | 215040      |
| train/                  |             |
|    approx_kl            | 0.012802246 |
|    clip_fraction        | 0.129       |
|    clip_range           | 0.2         |
|    entropy_loss         | -1.01       |
|    explained_variance   | 0.322       |
|    learning_rate        | 0.0003      |
|    loss                 | -0.0164     |
|    n_updates            | 1040        |
|    policy_gradient_loss | -0.0206     |
|    value_loss           | 0.000271    |
-----------------------------------------
-----------------------------------------
| rollout/                |             |
|    ep_len_mean          | 2.97e+03    |
|    ep_rew_mean          | -0.947      |
| time/                   |             |
|    fps                  | 4100        |
|    iterations           | 106         |
|    time_elapsed         | 52          |
|    total_timesteps      | 217088      |
| train/                  |             |
|    approx_kl            | 0.013001823 |
|    clip_fraction        | 0.14        |
|    clip_range           | 0.2         |
|    entropy_loss         | -0.953      |
|    explained_variance   | 0.334       |
|    learning_rate        | 0.0003      |
|    loss                 | -0.0234     |
|    n_updates            | 1050        |
|    policy_gradient_loss | -0.0183     |
|    value_loss           | 0.000415    |
-----------------------------------------
-----------------------------------------
| rollout/                |             |
|    ep_len_mean          | 2.99e+03    |
|    ep_rew_mean          | -0.932      |
| time/                   |             |
|    fps                  | 4101        |
|    iterations           | 107         |
|    time_elapsed         | 53          |
|    total_timesteps      | 219136      |
| train/                  |             |
|    approx_kl            | 0.014116055 |
|    clip_fraction        | 0.14        |
|    clip_range           | 0.2         |
|    entropy_loss         | -0.944      |
|    explained_variance   | 0.46        |
|    learning_rate        | 0.0003      |
|    loss                 | -0.0276     |
|    n_updates            | 1060        |
|    policy_gradient_loss | -0.0199     |
|    value_loss           | 0.000345    |
-----------------------------------------
-----------------------------------------
| rollout/                |             |
|    ep_len_mean          | 2.99e+03    |
|    ep_rew_mean          | -0.932      |
| time/                   |             |
|    fps                  | 4101        |
|    iterations           | 108         |
|    time_elapsed         | 53          |
|    total_timesteps      | 221184      |
| train/                  |             |
|    approx_kl            | 0.015326074 |
|    clip_fraction        | 0.158       |
|    clip_range           | 0.2         |
|    entropy_loss         | -0.942      |
|    explained_variance   | -0.05       |
|    learning_rate        | 0.0003      |
|    loss                 | -0.025      |
|    n_updates            | 1070        |
|    policy_gradient_loss | -0.0187     |
|    value_loss           | 0.000494    |
-----------------------------------------
-----------------------------------------
| rollout/                |             |
|    ep_len_mean          | 3.01e+03    |
|    ep_rew_mean          | -0.916      |
| time/                   |             |
|    fps                  | 4101        |
|    iterations           | 109         |
|    time_elapsed         | 54          |
|    total_timesteps      | 223232      |
| train/                  |             |
|    approx_kl            | 0.014155054 |
|    clip_fraction        | 0.148       |
|    clip_range           | 0.2         |
|    entropy_loss         | -0.941      |
|    explained_variance   | 0.298       |
|    learning_rate        | 0.0003      |
|    loss                 | -0.0273     |
|    n_updates            | 1080        |
|    policy_gradient_loss | -0.0172     |
|    value_loss           | 0.000363    |
-----------------------------------------
-----------------------------------------
| rollout/                |             |
|    ep_len_mean          | 3.01e+03    |
|    ep_rew_mean          | -0.916      |
| time/                   |             |
|    fps                  | 4102        |
|    iterations           | 110         |
|    time_elapsed         | 54          |
|    total_timesteps      | 225280      |
| train/                  |             |
|    approx_kl            | 0.012607951 |
|    clip_fraction        | 0.146       |
|    clip_range           | 0.2         |
|    entropy_loss         | -0.898      |
|    explained_variance   | 0.304       |
|    learning_rate        | 0.0003      |
|    loss                 | -0.0293     |
|    n_updates            | 1090        |
|    policy_gradient_loss | -0.0157     |
|    value_loss           | 0.000354    |
-----------------------------------------
-----------------------------------------
| rollout/                |             |
|    ep_len_mean          | 3.03e+03    |
|    ep_rew_mean          | -0.906      |
| time/                   |             |
|    fps                  | 4102        |
|    iterations           | 111         |
|    time_elapsed         | 55          |
|    total_timesteps      | 227328      |
| train/                  |             |
|    approx_kl            | 0.012178853 |
|    clip_fraction        | 0.127       |
|    clip_range           | 0.2         |
|    entropy_loss         | -0.896      |
|    explained_variance   | 0.46        |
|    learning_rate        | 0.0003      |
|    loss                 | -0.0354     |
|    n_updates            | 1100        |
|    policy_gradient_loss | -0.0136     |
|    value_loss           | 0.000321    |
-----------------------------------------
-----------------------------------------
| rollout/                |             |
|    ep_len_mean          | 3.03e+03    |
|    ep_rew_mean          | -0.906      |
| time/                   |             |
|    fps                  | 4102        |
|    iterations           | 112         |
|    time_elapsed         | 55          |
|    total_timesteps      | 229376      |
| train/                  |             |
|    approx_kl            | 0.015689526 |
|    clip_fraction        | 0.144       |
|    clip_range           | 0.2         |
|    entropy_loss         | -0.898      |
|    explained_variance   | 0.0747      |
|    learning_rate        | 0.0003      |
|    loss                 | -0.04       |
|    n_updates            | 1110        |
|    policy_gradient_loss | -0.019      |
|    value_loss           | 0.000388    |
-----------------------------------------
-----------------------------------------
| rollout/                |             |
|    ep_len_mean          | 3.04e+03    |
|    ep_rew_mean          | -0.893      |
| time/                   |             |
|    fps                  | 4102        |
|    iterations           | 113         |
|    time_elapsed         | 56          |
|    total_timesteps      | 231424      |
| train/                  |             |
|    approx_kl            | 0.016885843 |
|    clip_fraction        | 0.167       |
|    clip_range           | 0.2         |
|    entropy_loss         | -0.893      |
|    explained_variance   | 0.358       |
|    learning_rate        | 0.0003      |
|    loss                 | -0.0109     |
|    n_updates            | 1120        |
|    policy_gradient_loss | -0.02       |
|    value_loss           | 0.00028     |
-----------------------------------------
-----------------------------------------
| rollout/                |             |
|    ep_len_mean          | 3.04e+03    |
|    ep_rew_mean          | -0.893      |
| time/                   |             |
|    fps                  | 4102        |
|    iterations           | 114         |
|    time_elapsed         | 56          |
|    total_timesteps      | 233472      |
| train/                  |             |
|    approx_kl            | 0.015236273 |
|    clip_fraction        | 0.135       |
|    clip_range           | 0.2         |
|    entropy_loss         | -0.843      |
|    explained_variance   | 0.179       |
|    learning_rate        | 0.0003      |
|    loss                 | -0.0209     |
|    n_updates            | 1130        |
|    policy_gradient_loss | -0.0141     |
|    value_loss           | 0.000362    |
-----------------------------------------
-----------------------------------------
| rollout/                |             |
|    ep_len_mean          | 3.04e+03    |
|    ep_rew_mean          | -0.893      |
| time/                   |             |
|    fps                  | 4103        |
|    iterations           | 115         |
|    time_elapsed         | 57          |
|    total_timesteps      | 235520      |
| train/                  |             |
|    approx_kl            | 0.016999805 |
|    clip_fraction        | 0.165       |
|    clip_range           | 0.2         |
|    entropy_loss         | -0.855      |
|    explained_variance   | 0.33        |
|    learning_rate        | 0.0003      |
|    loss                 | -0.0445     |
|    n_updates            | 1140        |
|    policy_gradient_loss | -0.0207     |
|    value_loss           | 0.000341    |
-----------------------------------------
-----------------------------------------
| rollout/                |             |
|    ep_len_mean          | 3.06e+03    |
|    ep_rew_mean          | -0.878      |
| time/                   |             |
|    fps                  | 4103        |
|    iterations           | 116         |
|    time_elapsed         | 57          |
|    total_timesteps      | 237568      |
| train/                  |             |
|    approx_kl            | 0.019805878 |
|    clip_fraction        | 0.146       |
|    clip_range           | 0.2         |
|    entropy_loss         | -0.832      |
|    explained_variance   | 0.205       |
|    learning_rate        | 0.0003      |
|    loss                 | -0.0326     |
|    n_updates            | 1150        |
|    policy_gradient_loss | -0.0214     |
|    value_loss           | 0.000308    |
-----------------------------------------
-----------------------------------------
| rollout/                |             |
|    ep_len_mean          | 3.06e+03    |
|    ep_rew_mean          | -0.878      |
| time/                   |             |
|    fps                  | 4103        |
|    iterations           | 117         |
|    time_elapsed         | 58          |
|    total_timesteps      | 239616      |
| train/                  |             |
|    approx_kl            | 0.015208046 |
|    clip_fraction        | 0.159       |
|    clip_range           | 0.2         |
|    entropy_loss         | -0.84       |
|    explained_variance   | 0.22        |
|    learning_rate        | 0.0003      |
|    loss                 | -0.025      |
|    n_updates            | 1160        |
|    policy_gradient_loss | -0.0198     |
|    value_loss           | 0.000359    |
-----------------------------------------
-----------------------------------------
| rollout/                |             |
|    ep_len_mean          | 3.07e+03    |
|    ep_rew_mean          | -0.865      |
| time/                   |             |
|    fps                  | 4104        |
|    iterations           | 118         |
|    time_elapsed         | 58          |
|    total_timesteps      | 241664      |
| train/                  |             |
|    approx_kl            | 0.016134419 |
|    clip_fraction        | 0.156       |
|    clip_range           | 0.2         |
|    entropy_loss         | -0.841      |
|    explained_variance   | 0.243       |
|    learning_rate        | 0.0003      |
|    loss                 | -0.0157     |
|    n_updates            | 1170        |
|    policy_gradient_loss | -0.0203     |
|    value_loss           | 0.000257    |
-----------------------------------------
-----------------------------------------
| rollout/                |             |
|    ep_len_mean          | 3.07e+03    |
|    ep_rew_mean          | -0.865      |
| time/                   |             |
|    fps                  | 4104        |
|    iterations           | 119         |
|    time_elapsed         | 59          |
|    total_timesteps      | 243712      |
| train/                  |             |
|    approx_kl            | 0.015279579 |
|    clip_fraction        | 0.129       |
|    clip_range           | 0.2         |
|    entropy_loss         | -0.841      |
|    explained_variance   | 0.421       |
|    learning_rate        | 0.0003      |
|    loss                 | -0.0264     |
|    n_updates            | 1180        |
|    policy_gradient_loss | -0.0186     |
|    value_loss           | 0.000327    |
-----------------------------------------
-----------------------------------------
| rollout/                |             |
|    ep_len_mean          | 3.09e+03    |
|    ep_rew_mean          | -0.853      |
| time/                   |             |
|    fps                  | 4099        |
|    iterations           | 120         |
|    time_elapsed         | 59          |
|    total_timesteps      | 245760      |
| train/                  |             |
|    approx_kl            | 0.013124937 |
|    clip_fraction        | 0.143       |
|    clip_range           | 0.2         |
|    entropy_loss         | -0.797      |
|    explained_variance   | 0.237       |
|    learning_rate        | 0.0003      |
|    loss                 | -0.00525    |
|    n_updates            | 1190        |
|    policy_gradient_loss | -0.0147     |
|    value_loss           | 0.000347    |
-----------------------------------------
-----------------------------------------
| rollout/                |             |
|    ep_len_mean          | 3.09e+03    |
|    ep_rew_mean          | -0.853      |
| time/                   |             |
|    fps                  | 4099        |
|    iterations           | 121         |
|    time_elapsed         | 60          |
|    total_timesteps      | 247808      |
| train/                  |             |
|    approx_kl            | 0.012878644 |
|    clip_fraction        | 0.132       |
|    clip_range           | 0.2         |
|    entropy_loss         | -0.815      |
|    explained_variance   | 0.29        |
|    learning_rate        | 0.0003      |
|    loss                 | -0.0161     |
|    n_updates            | 1200        |
|    policy_gradient_loss | -0.0155     |
|    value_loss           | 0.000277    |
-----------------------------------------
-----------------------------------------
| rollout/                |             |
|    ep_len_mean          | 3.11e+03    |
|    ep_rew_mean          | -0.841      |
| time/                   |             |
|    fps                  | 4099        |
|    iterations           | 122         |
|    time_elapsed         | 60          |
|    total_timesteps      | 249856      |
| train/                  |             |
|    approx_kl            | 0.016364647 |
|    clip_fraction        | 0.137       |
|    clip_range           | 0.2         |
|    entropy_loss         | -0.786      |
|    explained_variance   | 0.228       |
|    learning_rate        | 0.0003      |
|    loss                 | -0.00992    |
|    n_updates            | 1210        |
|    policy_gradient_loss | -0.017      |
|    value_loss           | 0.000321    |
-----------------------------------------
-----------------------------------------
| rollout/                |             |
|    ep_len_mean          | 3.11e+03    |
|    ep_rew_mean          | -0.841      |
| time/                   |             |
|    fps                  | 4099        |
|    iterations           | 123         |
|    time_elapsed         | 61          |
|    total_timesteps      | 251904      |
| train/                  |             |
|    approx_kl            | 0.016789086 |
|    clip_fraction        | 0.158       |
|    clip_range           | 0.2         |
|    entropy_loss         | -0.901      |
|    explained_variance   | 0.133       |
|    learning_rate        | 0.0003      |
|    loss                 | -0.0265     |
|    n_updates            | 1220        |
|    policy_gradient_loss | -0.0178     |
|    value_loss           | 0.000255    |
-----------------------------------------
-----------------------------------------
| rollout/                |             |
|    ep_len_mean          | 3.12e+03    |
|    ep_rew_mean          | -0.833      |
| time/                   |             |
|    fps                  | 4099        |
|    iterations           | 124         |
|    time_elapsed         | 61          |
|    total_timesteps      | 253952      |
| train/                  |             |
|    approx_kl            | 0.011436403 |
|    clip_fraction        | 0.129       |
|    clip_range           | 0.2         |
|    entropy_loss         | -0.887      |
|    explained_variance   | 0.384       |
|    learning_rate        | 0.0003      |
|    loss                 | -0.00432    |
|    n_updates            | 1230        |
|    policy_gradient_loss | -0.0156     |
|    value_loss           | 0.000425    |
-----------------------------------------
-----------------------------------------
| rollout/                |             |
|    ep_len_mean          | 3.12e+03    |
|    ep_rew_mean          | -0.833      |
| time/                   |             |
|    fps                  | 4099        |
|    iterations           | 125         |
|    time_elapsed         | 62          |
|    total_timesteps      | 256000      |
| train/                  |             |
|    approx_kl            | 0.012902036 |
|    clip_fraction        | 0.133       |
|    clip_range           | 0.2         |
|    entropy_loss         | -0.892      |
|    explained_variance   | -0.141      |
|    learning_rate        | 0.0003      |
|    loss                 | -0.045      |
|    n_updates            | 1240        |
|    policy_gradient_loss | -0.0192     |
|    value_loss           | 0.000312    |
-----------------------------------------
-----------------------------------------
| rollout/                |             |
|    ep_len_mean          | 3.13e+03    |
|    ep_rew_mean          | -0.822      |
| time/                   |             |
|    fps                  | 4091        |
|    iterations           | 126         |
|    time_elapsed         | 63          |
|    total_timesteps      | 258048      |
| train/                  |             |
|    approx_kl            | 0.016550764 |
|    clip_fraction        | 0.155       |
|    clip_range           | 0.2         |
|    entropy_loss         | -0.87       |
|    explained_variance   | 0.287       |
|    learning_rate        | 0.0003      |
|    loss                 | -0.0441     |
|    n_updates            | 1250        |
|    policy_gradient_loss | -0.0196     |
|    value_loss           | 0.00028     |
-----------------------------------------
-----------------------------------------
| rollout/                |             |
|    ep_len_mean          | 3.13e+03    |
|    ep_rew_mean          | -0.822      |
| time/                   |             |
|    fps                  | 4091        |
|    iterations           | 127         |
|    time_elapsed         | 63          |
|    total_timesteps      | 260096      |
| train/                  |             |
|    approx_kl            | 0.017048407 |
|    clip_fraction        | 0.15        |
|    clip_range           | 0.2         |
|    entropy_loss         | -0.84       |
|    explained_variance   | -0.0224     |
|    learning_rate        | 0.0003      |
|    loss                 | -0.0262     |
|    n_updates            | 1260        |
|    policy_gradient_loss | -0.0213     |
|    value_loss           | 0.000285    |
-----------------------------------------
-----------------------------------------
| rollout/                |             |
|    ep_len_mean          | 3.15e+03    |
|    ep_rew_mean          | -0.809      |
| time/                   |             |
|    fps                  | 4091        |
|    iterations           | 128         |
|    time_elapsed         | 64          |
|    total_timesteps      | 262144      |
| train/                  |             |
|    approx_kl            | 0.018391788 |
|    clip_fraction        | 0.166       |
|    clip_range           | 0.2         |
|    entropy_loss         | -0.879      |
|    explained_variance   | 0.345       |
|    learning_rate        | 0.0003      |
|    loss                 | 0.00564     |
|    n_updates            | 1270        |
|    policy_gradient_loss | -0.0187     |
|    value_loss           | 0.000287    |
-----------------------------------------
-----------------------------------------
| rollout/                |             |
|    ep_len_mean          | 3.15e+03    |
|    ep_rew_mean          | -0.809      |
| time/                   |             |
|    fps                  | 4091        |
|    iterations           | 129         |
|    time_elapsed         | 64          |
|    total_timesteps      | 264192      |
| train/                  |             |
|    approx_kl            | 0.015646422 |
|    clip_fraction        | 0.154       |
|    clip_range           | 0.2         |
|    entropy_loss         | -0.896      |
|    explained_variance   | 0.406       |
|    learning_rate        | 0.0003      |
|    loss                 | -0.0408     |
|    n_updates            | 1280        |
|    policy_gradient_loss | -0.0204     |
|    value_loss           | 0.000319    |
-----------------------------------------
-----------------------------------------
| rollout/                |             |
|    ep_len_mean          | 3.16e+03    |
|    ep_rew_mean          | -0.802      |
| time/                   |             |
|    fps                  | 4091        |
|    iterations           | 130         |
|    time_elapsed         | 65          |
|    total_timesteps      | 266240      |
| train/                  |             |
|    approx_kl            | 0.014924869 |
|    clip_fraction        | 0.127       |
|    clip_range           | 0.2         |
|    entropy_loss         | -0.842      |
|    explained_variance   | 0.444       |
|    learning_rate        | 0.0003      |
|    loss                 | -0.00978    |
|    n_updates            | 1290        |
|    policy_gradient_loss | -0.0145     |
|    value_loss           | 0.000324    |
-----------------------------------------
----------------------------------------
| rollout/                |            |
|    ep_len_mean          | 3.16e+03   |
|    ep_rew_mean          | -0.802     |
| time/                   |            |
|    fps                  | 4092       |
|    iterations           | 131        |
|    time_elapsed         | 65         |
|    total_timesteps      | 268288     |
| train/                  |            |
|    approx_kl            | 0.01292245 |
|    clip_fraction        | 0.15       |
|    clip_range           | 0.2        |
|    entropy_loss         | -0.895     |
|    explained_variance   | 0.0966     |
|    learning_rate        | 0.0003     |
|    loss                 | -0.0392    |
|    n_updates            | 1300       |
|    policy_gradient_loss | -0.0193    |
|    value_loss           | 0.000269   |
----------------------------------------
---------------------------------------
| rollout/                |           |
|    ep_len_mean          | 3.18e+03  |
|    ep_rew_mean          | -0.793    |
| time/                   |           |
|    fps                  | 4092      |
|    iterations           | 132       |
|    time_elapsed         | 66        |
|    total_timesteps      | 270336    |
| train/                  |           |
|    approx_kl            | 0.0213059 |
|    clip_fraction        | 0.147     |
|    clip_range           | 0.2       |
|    entropy_loss         | -0.928    |
|    explained_variance   | 0.316     |
|    learning_rate        | 0.0003    |
|    loss                 | -0.0185   |
|    n_updates            | 1310      |
|    policy_gradient_loss | -0.0179   |
|    value_loss           | 0.000275  |
---------------------------------------
----------------------------------------
| rollout/                |            |
|    ep_len_mean          | 3.18e+03   |
|    ep_rew_mean          | -0.793     |
| time/                   |            |
|    fps                  | 4091       |
|    iterations           | 133        |
|    time_elapsed         | 66         |
|    total_timesteps      | 272384     |
| train/                  |            |
|    approx_kl            | 0.01306953 |
|    clip_fraction        | 0.147      |
|    clip_range           | 0.2        |
|    entropy_loss         | -0.941     |
|    explained_variance   | 0.211      |
|    learning_rate        | 0.0003     |
|    loss                 | -0.0136    |
|    n_updates            | 1320       |
|    policy_gradient_loss | -0.0178    |
|    value_loss           | 0.000326   |
----------------------------------------
-----------------------------------------
| rollout/                |             |
|    ep_len_mean          | 3.19e+03    |
|    ep_rew_mean          | -0.787      |
| time/                   |             |
|    fps                  | 4091        |
|    iterations           | 134         |
|    time_elapsed         | 67          |
|    total_timesteps      | 274432      |
| train/                  |             |
|    approx_kl            | 0.015786316 |
|    clip_fraction        | 0.157       |
|    clip_range           | 0.2         |
|    entropy_loss         | -0.932      |
|    explained_variance   | 0.354       |
|    learning_rate        | 0.0003      |
|    loss                 | -0.0175     |
|    n_updates            | 1330        |
|    policy_gradient_loss | -0.0203     |
|    value_loss           | 0.000261    |
-----------------------------------------
-----------------------------------------
| rollout/                |             |
|    ep_len_mean          | 3.19e+03    |
|    ep_rew_mean          | -0.787      |
| time/                   |             |
|    fps                  | 4092        |
|    iterations           | 135         |
|    time_elapsed         | 67          |
|    total_timesteps      | 276480      |
| train/                  |             |
|    approx_kl            | 0.022416145 |
|    clip_fraction        | 0.203       |
|    clip_range           | 0.2         |
|    entropy_loss         | -0.961      |
|    explained_variance   | -0.081      |
|    learning_rate        | 0.0003      |
|    loss                 | -0.0189     |
|    n_updates            | 1340        |
|    policy_gradient_loss | -0.0244     |
|    value_loss           | 0.000448    |
-----------------------------------------
-----------------------------------------
| rollout/                |             |
|    ep_len_mean          | 3.2e+03     |
|    ep_rew_mean          | -0.778      |
| time/                   |             |
|    fps                  | 4088        |
|    iterations           | 136         |
|    time_elapsed         | 68          |
|    total_timesteps      | 278528      |
| train/                  |             |
|    approx_kl            | 0.014109347 |
|    clip_fraction        | 0.151       |
|    clip_range           | 0.2         |
|    entropy_loss         | -0.891      |
|    explained_variance   | 0.143       |
|    learning_rate        | 0.0003      |
|    loss                 | -0.0282     |
|    n_updates            | 1350        |
|    policy_gradient_loss | -0.021      |
|    value_loss           | 0.000275    |
-----------------------------------------
-----------------------------------------
| rollout/                |             |
|    ep_len_mean          | 3.2e+03     |
|    ep_rew_mean          | -0.778      |
| time/                   |             |
|    fps                  | 4086        |
|    iterations           | 137         |
|    time_elapsed         | 68          |
|    total_timesteps      | 280576      |
| train/                  |             |
|    approx_kl            | 0.023757026 |
|    clip_fraction        | 0.189       |
|    clip_range           | 0.2         |
|    entropy_loss         | -0.927      |
|    explained_variance   | 0.253       |
|    learning_rate        | 0.0003      |
|    loss                 | -0.0304     |
|    n_updates            | 1360        |
|    policy_gradient_loss | -0.0242     |
|    value_loss           | 0.000236    |
-----------------------------------------
-----------------------------------------
| rollout/                |             |
|    ep_len_mean          | 3.2e+03     |
|    ep_rew_mean          | -0.778      |
| time/                   |             |
|    fps                  | 4086        |
|    iterations           | 138         |
|    time_elapsed         | 69          |
|    total_timesteps      | 282624      |
| train/                  |             |
|    approx_kl            | 0.012052573 |
|    clip_fraction        | 0.132       |
|    clip_range           | 0.2         |
|    entropy_loss         | -0.898      |
|    explained_variance   | 0.408       |
|    learning_rate        | 0.0003      |
|    loss                 | -0.0287     |
|    n_updates            | 1370        |
|    policy_gradient_loss | -0.0199     |
|    value_loss           | 0.000286    |
-----------------------------------------
-----------------------------------------
| rollout/                |             |
|    ep_len_mean          | 3.21e+03    |
|    ep_rew_mean          | -0.769      |
| time/                   |             |
|    fps                  | 4086        |
|    iterations           | 139         |
|    time_elapsed         | 69          |
|    total_timesteps      | 284672      |
| train/                  |             |
|    approx_kl            | 0.015847865 |
|    clip_fraction        | 0.155       |
|    clip_range           | 0.2         |
|    entropy_loss         | -0.93       |
|    explained_variance   | 0.214       |
|    learning_rate        | 0.0003      |
|    loss                 | -0.00501    |
|    n_updates            | 1380        |
|    policy_gradient_loss | -0.0188     |
|    value_loss           | 0.000336    |
-----------------------------------------
----------------------------------------
| rollout/                |            |
|    ep_len_mean          | 3.21e+03   |
|    ep_rew_mean          | -0.769     |
| time/                   |            |
|    fps                  | 4086       |
|    iterations           | 140        |
|    time_elapsed         | 70         |
|    total_timesteps      | 286720     |
| train/                  |            |
|    approx_kl            | 0.01283039 |
|    clip_fraction        | 0.142      |
|    clip_range           | 0.2        |
|    entropy_loss         | -0.989     |
|    explained_variance   | 0.477      |
|    learning_rate        | 0.0003     |
|    loss                 | -0.0179    |
|    n_updates            | 1390       |
|    policy_gradient_loss | -0.0175    |
|    value_loss           | 0.000265   |
----------------------------------------
-----------------------------------------
| rollout/                |             |
|    ep_len_mean          | 3.23e+03    |
|    ep_rew_mean          | -0.766      |
| time/                   |             |
|    fps                  | 4086        |
|    iterations           | 141         |
|    time_elapsed         | 70          |
|    total_timesteps      | 288768      |
| train/                  |             |
|    approx_kl            | 0.013795802 |
|    clip_fraction        | 0.144       |
|    clip_range           | 0.2         |
|    entropy_loss         | -0.942      |
|    explained_variance   | 0.272       |
|    learning_rate        | 0.0003      |
|    loss                 | -0.0405     |
|    n_updates            | 1400        |
|    policy_gradient_loss | -0.0166     |
|    value_loss           | 0.000427    |
-----------------------------------------
----------------------------------------
| rollout/                |            |
|    ep_len_mean          | 3.23e+03   |
|    ep_rew_mean          | -0.766     |
| time/                   |            |
|    fps                  | 4081       |
|    iterations           | 142        |
|    time_elapsed         | 71         |
|    total_timesteps      | 290816     |
| train/                  |            |
|    approx_kl            | 0.01670133 |
|    clip_fraction        | 0.177      |
|    clip_range           | 0.2        |
|    entropy_loss         | -0.964     |
|    explained_variance   | 0.292      |
|    learning_rate        | 0.0003     |
|    loss                 | -0.0402    |
|    n_updates            | 1410       |
|    policy_gradient_loss | -0.0192    |
|    value_loss           | 0.000277   |
----------------------------------------
-----------------------------------------
| rollout/                |             |
|    ep_len_mean          | 3.24e+03    |
|    ep_rew_mean          | -0.761      |
| time/                   |             |
|    fps                  | 4081        |
|    iterations           | 143         |
|    time_elapsed         | 71          |
|    total_timesteps      | 292864      |
| train/                  |             |
|    approx_kl            | 0.016080558 |
|    clip_fraction        | 0.163       |
|    clip_range           | 0.2         |
|    entropy_loss         | -0.901      |
|    explained_variance   | 0.328       |
|    learning_rate        | 0.0003      |
|    loss                 | -0.00873    |
|    n_updates            | 1420        |
|    policy_gradient_loss | -0.0179     |
|    value_loss           | 0.000396    |
-----------------------------------------
-----------------------------------------
| rollout/                |             |
|    ep_len_mean          | 3.24e+03    |
|    ep_rew_mean          | -0.761      |
| time/                   |             |
|    fps                  | 4082        |
|    iterations           | 144         |
|    time_elapsed         | 72          |
|    total_timesteps      | 294912      |
| train/                  |             |
|    approx_kl            | 0.019638471 |
|    clip_fraction        | 0.176       |
|    clip_range           | 0.2         |
|    entropy_loss         | -0.934      |
|    explained_variance   | 0.14        |
|    learning_rate        | 0.0003      |
|    loss                 | -0.0353     |
|    n_updates            | 1430        |
|    policy_gradient_loss | -0.0214     |
|    value_loss           | 0.000342    |
-----------------------------------------
-----------------------------------------
| rollout/                |             |
|    ep_len_mean          | 3.25e+03    |
|    ep_rew_mean          | -0.753      |
| time/                   |             |
|    fps                  | 4082        |
|    iterations           | 145         |
|    time_elapsed         | 72          |
|    total_timesteps      | 296960      |
| train/                  |             |
|    approx_kl            | 0.012903111 |
|    clip_fraction        | 0.135       |
|    clip_range           | 0.2         |
|    entropy_loss         | -0.92       |
|    explained_variance   | 0.304       |
|    learning_rate        | 0.0003      |
|    loss                 | -0.0317     |
|    n_updates            | 1440        |
|    policy_gradient_loss | -0.0173     |
|    value_loss           | 0.00027     |
-----------------------------------------
----------------------------------------
| rollout/                |            |
|    ep_len_mean          | 3.25e+03   |
|    ep_rew_mean          | -0.753     |
| time/                   |            |
|    fps                  | 4082       |
|    iterations           | 146        |
|    time_elapsed         | 73         |
|    total_timesteps      | 299008     |
| train/                  |            |
|    approx_kl            | 0.01642219 |
|    clip_fraction        | 0.179      |
|    clip_range           | 0.2        |
|    entropy_loss         | -0.912     |
|    explained_variance   | 0.434      |
|    learning_rate        | 0.0003     |
|    loss                 | -0.0331    |
|    n_updates            | 1450       |
|    policy_gradient_loss | -0.0214    |
|    value_loss           | 0.000278   |
----------------------------------------
-----------------------------------------
| rollout/                |             |
|    ep_len_mean          | 3.26e+03    |
|    ep_rew_mean          | -0.746      |
| time/                   |             |
|    fps                  | 4082        |
|    iterations           | 147         |
|    time_elapsed         | 73          |
|    total_timesteps      | 301056      |
| train/                  |             |
|    approx_kl            | 0.014864743 |
|    clip_fraction        | 0.147       |
|    clip_range           | 0.2         |
|    entropy_loss         | -0.864      |
|    explained_variance   | 0.366       |
|    learning_rate        | 0.0003      |
|    loss                 | -0.0228     |
|    n_updates            | 1460        |
|    policy_gradient_loss | -0.0177     |
|    value_loss           | 0.000364    |
-----------------------------------------
-----------------------------------------
| rollout/                |             |
|    ep_len_mean          | 3.26e+03    |
|    ep_rew_mean          | -0.746      |
| time/                   |             |
|    fps                  | 4083        |
|    iterations           | 148         |
|    time_elapsed         | 74          |
|    total_timesteps      | 303104      |
| train/                  |             |
|    approx_kl            | 0.016205136 |
|    clip_fraction        | 0.168       |
|    clip_range           | 0.2         |
|    entropy_loss         | -0.935      |
|    explained_variance   | 0.181       |
|    learning_rate        | 0.0003      |
|    loss                 | 0.0117      |
|    n_updates            | 1470        |
|    policy_gradient_loss | -0.0192     |
|    value_loss           | 0.000226    |
-----------------------------------------
-----------------------------------------
| rollout/                |             |
|    ep_len_mean          | 3.27e+03    |
|    ep_rew_mean          | -0.741      |
| time/                   |             |
|    fps                  | 4083        |
|    iterations           | 149         |
|    time_elapsed         | 74          |
|    total_timesteps      | 305152      |
| train/                  |             |
|    approx_kl            | 0.015787743 |
|    clip_fraction        | 0.146       |
|    clip_range           | 0.2         |
|    entropy_loss         | -0.868      |
|    explained_variance   | 0.32        |
|    learning_rate        | 0.0003      |
|    loss                 | -0.0163     |
|    n_updates            | 1480        |
|    policy_gradient_loss | -0.0192     |
|    value_loss           | 0.000302    |
-----------------------------------------
-----------------------------------------
| rollout/                |             |
|    ep_len_mean          | 3.27e+03    |
|    ep_rew_mean          | -0.741      |
| time/                   |             |
|    fps                  | 4083        |
|    iterations           | 150         |
|    time_elapsed         | 75          |
|    total_timesteps      | 307200      |
| train/                  |             |
|    approx_kl            | 0.017702267 |
|    clip_fraction        | 0.187       |
|    clip_range           | 0.2         |
|    entropy_loss         | -0.917      |
|    explained_variance   | -0.0645     |
|    learning_rate        | 0.0003      |
|    loss                 | -0.0269     |
|    n_updates            | 1490        |
|    policy_gradient_loss | -0.024      |
|    value_loss           | 0.000261    |
-----------------------------------------
-----------------------------------------
| rollout/                |             |
|    ep_len_mean          | 3.28e+03    |
|    ep_rew_mean          | -0.732      |
| time/                   |             |
|    fps                  | 4083        |
|    iterations           | 151         |
|    time_elapsed         | 75          |
|    total_timesteps      | 309248      |
| train/                  |             |
|    approx_kl            | 0.022711562 |
|    clip_fraction        | 0.157       |
|    clip_range           | 0.2         |
|    entropy_loss         | -0.939      |
|    explained_variance   | 0.287       |
|    learning_rate        | 0.0003      |
|    loss                 | -0.0387     |
|    n_updates            | 1500        |
|    policy_gradient_loss | -0.0185     |
|    value_loss           | 0.000226    |
-----------------------------------------
-----------------------------------------
| rollout/                |             |
|    ep_len_mean          | 3.28e+03    |
|    ep_rew_mean          | -0.732      |
| time/                   |             |
|    fps                  | 4083        |
|    iterations           | 152         |
|    time_elapsed         | 76          |
|    total_timesteps      | 311296      |
| train/                  |             |
|    approx_kl            | 0.015425253 |
|    clip_fraction        | 0.164       |
|    clip_range           | 0.2         |
|    entropy_loss         | -0.919      |
|    explained_variance   | 0.377       |
|    learning_rate        | 0.0003      |
|    loss                 | -0.021      |
|    n_updates            | 1510        |
|    policy_gradient_loss | -0.0195     |
|    value_loss           | 0.000347    |
-----------------------------------------
----------------------------------------
| rollout/                |            |
|    ep_len_mean          | 3.29e+03   |
|    ep_rew_mean          | -0.729     |
| time/                   |            |
|    fps                  | 4083       |
|    iterations           | 153        |
|    time_elapsed         | 76         |
|    total_timesteps      | 313344     |
| train/                  |            |
|    approx_kl            | 0.01494982 |
|    clip_fraction        | 0.139      |
|    clip_range           | 0.2        |
|    entropy_loss         | -0.92      |
|    explained_variance   | 0.509      |
|    learning_rate        | 0.0003     |
|    loss                 | -0.0437    |
|    n_updates            | 1520       |
|    policy_gradient_loss | -0.0169    |
|    value_loss           | 0.000349   |
----------------------------------------
-----------------------------------------
| rollout/                |             |
|    ep_len_mean          | 3.29e+03    |
|    ep_rew_mean          | -0.729      |
| time/                   |             |
|    fps                  | 4084        |
|    iterations           | 154         |
|    time_elapsed         | 77          |
|    total_timesteps      | 315392      |
| train/                  |             |
|    approx_kl            | 0.014944845 |
|    clip_fraction        | 0.156       |
|    clip_range           | 0.2         |
|    entropy_loss         | -0.919      |
|    explained_variance   | -0.339      |
|    learning_rate        | 0.0003      |
|    loss                 | -0.0112     |
|    n_updates            | 1530        |
|    policy_gradient_loss | -0.0169     |
|    value_loss           | 0.000309    |
-----------------------------------------
-----------------------------------------
| rollout/                |             |
|    ep_len_mean          | 3.3e+03     |
|    ep_rew_mean          | -0.724      |
| time/                   |             |
|    fps                  | 4084        |
|    iterations           | 155         |
|    time_elapsed         | 77          |
|    total_timesteps      | 317440      |
| train/                  |             |
|    approx_kl            | 0.018474713 |
|    clip_fraction        | 0.15        |
|    clip_range           | 0.2         |
|    entropy_loss         | -0.928      |
|    explained_variance   | 0.268       |
|    learning_rate        | 0.0003      |
|    loss                 | -0.0386     |
|    n_updates            | 1540        |
|    policy_gradient_loss | -0.0185     |
|    value_loss           | 0.000287    |
-----------------------------------------
-----------------------------------------
| rollout/                |             |
|    ep_len_mean          | 3.3e+03     |
|    ep_rew_mean          | -0.724      |
| time/                   |             |
|    fps                  | 4084        |
|    iterations           | 156         |
|    time_elapsed         | 78          |
|    total_timesteps      | 319488      |
| train/                  |             |
|    approx_kl            | 0.015531268 |
|    clip_fraction        | 0.167       |
|    clip_range           | 0.2         |
|    entropy_loss         | -0.921      |
|    explained_variance   | 0.197       |
|    learning_rate        | 0.0003      |
|    loss                 | -0.0379     |
|    n_updates            | 1550        |
|    policy_gradient_loss | -0.02       |
|    value_loss           | 0.000311    |
-----------------------------------------
-----------------------------------------
| rollout/                |             |
|    ep_len_mean          | 3.31e+03    |
|    ep_rew_mean          | -0.718      |
| time/                   |             |
|    fps                  | 4084        |
|    iterations           | 157         |
|    time_elapsed         | 78          |
|    total_timesteps      | 321536      |
| train/                  |             |
|    approx_kl            | 0.016281717 |
|    clip_fraction        | 0.156       |
|    clip_range           | 0.2         |
|    entropy_loss         | -0.919      |
|    explained_variance   | 0.26        |
|    learning_rate        | 0.0003      |
|    loss                 | -0.00514    |
|    n_updates            | 1560        |
|    policy_gradient_loss | -0.0204     |
|    value_loss           | 0.000345    |
-----------------------------------------
-----------------------------------------
| rollout/                |             |
|    ep_len_mean          | 3.31e+03    |
|    ep_rew_mean          | -0.718      |
| time/                   |             |
|    fps                  | 4084        |
|    iterations           | 158         |
|    time_elapsed         | 79          |
|    total_timesteps      | 323584      |
| train/                  |             |
|    approx_kl            | 0.016124584 |
|    clip_fraction        | 0.157       |
|    clip_range           | 0.2         |
|    entropy_loss         | -0.905      |
|    explained_variance   | 0.225       |
|    learning_rate        | 0.0003      |
|    loss                 | -0.00565    |
|    n_updates            | 1570        |
|    policy_gradient_loss | -0.0192     |
|    value_loss           | 0.000335    |
-----------------------------------------
-----------------------------------------
| rollout/                |             |
|    ep_len_mean          | 3.31e+03    |
|    ep_rew_mean          | -0.718      |
| time/                   |             |
|    fps                  | 4084        |
|    iterations           | 159         |
|    time_elapsed         | 79          |
|    total_timesteps      | 325632      |
| train/                  |             |
|    approx_kl            | 0.016011199 |
|    clip_fraction        | 0.154       |
|    clip_range           | 0.2         |
|    entropy_loss         | -0.913      |
|    explained_variance   | 0.444       |
|    learning_rate        | 0.0003      |
|    loss                 | -0.0085     |
|    n_updates            | 1580        |
|    policy_gradient_loss | -0.0171     |
|    value_loss           | 0.00025     |
-----------------------------------------
-----------------------------------------
| rollout/                |             |
|    ep_len_mean          | 3.32e+03    |
|    ep_rew_mean          | -0.713      |
| time/                   |             |
|    fps                  | 4084        |
|    iterations           | 160         |
|    time_elapsed         | 80          |
|    total_timesteps      | 327680      |
| train/                  |             |
|    approx_kl            | 0.015599478 |
|    clip_fraction        | 0.155       |
|    clip_range           | 0.2         |
|    entropy_loss         | -0.888      |
|    explained_variance   | 0.274       |
|    learning_rate        | 0.0003      |
|    loss                 | -0.0275     |
|    n_updates            | 1590        |
|    policy_gradient_loss | -0.0175     |
|    value_loss           | 0.000356    |
-----------------------------------------
-----------------------------------------
| rollout/                |             |
|    ep_len_mean          | 3.32e+03    |
|    ep_rew_mean          | -0.713      |
| time/                   |             |
|    fps                  | 4085        |
|    iterations           | 161         |
|    time_elapsed         | 80          |
|    total_timesteps      | 329728      |
| train/                  |             |
|    approx_kl            | 0.016520625 |
|    clip_fraction        | 0.165       |
|    clip_range           | 0.2         |
|    entropy_loss         | -0.866      |
|    explained_variance   | 0.331       |
|    learning_rate        | 0.0003      |
|    loss                 | -0.0351     |
|    n_updates            | 1600        |
|    policy_gradient_loss | -0.0181     |
|    value_loss           | 0.000259    |
-----------------------------------------
-----------------------------------------
| rollout/                |             |
|    ep_len_mean          | 3.33e+03    |
|    ep_rew_mean          | -0.708      |
| time/                   |             |
|    fps                  | 4085        |
|    iterations           | 162         |
|    time_elapsed         | 81          |
|    total_timesteps      | 331776      |
| train/                  |             |
|    approx_kl            | 0.013175283 |
|    clip_fraction        | 0.138       |
|    clip_range           | 0.2         |
|    entropy_loss         | -0.827      |
|    explained_variance   | 0.291       |
|    learning_rate        | 0.0003      |
|    loss                 | 0.00967     |
|    n_updates            | 1610        |
|    policy_gradient_loss | -0.0135     |
|    value_loss           | 0.00032     |
-----------------------------------------
-----------------------------------------
| rollout/                |             |
|    ep_len_mean          | 3.33e+03    |
|    ep_rew_mean          | -0.708      |
| time/                   |             |
|    fps                  | 4085        |
|    iterations           | 163         |
|    time_elapsed         | 81          |
|    total_timesteps      | 333824      |
| train/                  |             |
|    approx_kl            | 0.017872222 |
|    clip_fraction        | 0.154       |
|    clip_range           | 0.2         |
|    entropy_loss         | -0.811      |
|    explained_variance   | -0.255      |
|    learning_rate        | 0.0003      |
|    loss                 | -0.0252     |
|    n_updates            | 1620        |
|    policy_gradient_loss | -0.0197     |
|    value_loss           | 0.00031     |
-----------------------------------------
-----------------------------------------
| rollout/                |             |
|    ep_len_mean          | 3.34e+03    |
|    ep_rew_mean          | -0.7        |
| time/                   |             |
|    fps                  | 4085        |
|    iterations           | 164         |
|    time_elapsed         | 82          |
|    total_timesteps      | 335872      |
| train/                  |             |
|    approx_kl            | 0.018902501 |
|    clip_fraction        | 0.175       |
|    clip_range           | 0.2         |
|    entropy_loss         | -0.825      |
|    explained_variance   | 0.299       |
|    learning_rate        | 0.0003      |
|    loss                 | 0.00507     |
|    n_updates            | 1630        |
|    policy_gradient_loss | -0.02       |
|    value_loss           | 0.000256    |
-----------------------------------------
----------------------------------------
| rollout/                |            |
|    ep_len_mean          | 3.34e+03   |
|    ep_rew_mean          | -0.7       |
| time/                   |            |
|    fps                  | 4085       |
|    iterations           | 165        |
|    time_elapsed         | 82         |
|    total_timesteps      | 337920     |
| train/                  |            |
|    approx_kl            | 0.01744755 |
|    clip_fraction        | 0.158      |
|    clip_range           | 0.2        |
|    entropy_loss         | -0.768     |
|    explained_variance   | 0.521      |
|    learning_rate        | 0.0003     |
|    loss                 | -0.0144    |
|    n_updates            | 1640       |
|    policy_gradient_loss | -0.0185    |
|    value_loss           | 0.000294   |
----------------------------------------
-----------------------------------------
| rollout/                |             |
|    ep_len_mean          | 3.38e+03    |
|    ep_rew_mean          | -0.686      |
| time/                   |             |
|    fps                  | 4077        |
|    iterations           | 166         |
|    time_elapsed         | 83          |
|    total_timesteps      | 339968      |
| train/                  |             |
|    approx_kl            | 0.014270978 |
|    clip_fraction        | 0.133       |
|    clip_range           | 0.2         |
|    entropy_loss         | -0.784      |
|    explained_variance   | 0.306       |
|    learning_rate        | 0.0003      |
|    loss                 | -0.0307     |
|    n_updates            | 1650        |
|    policy_gradient_loss | -0.0149     |
|    value_loss           | 0.000432    |
-----------------------------------------
-----------------------------------------
| rollout/                |             |
|    ep_len_mean          | 3.38e+03    |
|    ep_rew_mean          | -0.686      |
| time/                   |             |
|    fps                  | 4077        |
|    iterations           | 167         |
|    time_elapsed         | 83          |
|    total_timesteps      | 342016      |
| train/                  |             |
|    approx_kl            | 0.019537177 |
|    clip_fraction        | 0.163       |
|    clip_range           | 0.2         |
|    entropy_loss         | -0.771      |
|    explained_variance   | -0.222      |
|    learning_rate        | 0.0003      |
|    loss                 | -0.0441     |
|    n_updates            | 1660        |
|    policy_gradient_loss | -0.0212     |
|    value_loss           | 0.000294    |
-----------------------------------------
-----------------------------------------
| rollout/                |             |
|    ep_len_mean          | 3.41e+03    |
|    ep_rew_mean          | -0.668      |
| time/                   |             |
|    fps                  | 4078        |
|    iterations           | 168         |
|    time_elapsed         | 84          |
|    total_timesteps      | 344064      |
| train/                  |             |
|    approx_kl            | 0.015493577 |
|    clip_fraction        | 0.154       |
|    clip_range           | 0.2         |
|    entropy_loss         | -0.777      |
|    explained_variance   | 0.39        |
|    learning_rate        | 0.0003      |
|    loss                 | -0.0452     |
|    n_updates            | 1670        |
|    policy_gradient_loss | -0.0182     |
|    value_loss           | 0.000244    |
-----------------------------------------
-----------------------------------------
| rollout/                |             |
|    ep_len_mean          | 3.41e+03    |
|    ep_rew_mean          | -0.668      |
| time/                   |             |
|    fps                  | 4078        |
|    iterations           | 169         |
|    time_elapsed         | 84          |
|    total_timesteps      | 346112      |
| train/                  |             |
|    approx_kl            | 0.012871675 |
|    clip_fraction        | 0.128       |
|    clip_range           | 0.2         |
|    entropy_loss         | -0.751      |
|    explained_variance   | 0.471       |
|    learning_rate        | 0.0003      |
|    loss                 | -0.0252     |
|    n_updates            | 1680        |
|    policy_gradient_loss | -0.0134     |
|    value_loss           | 0.000311    |
-----------------------------------------
---------------------------------------
| rollout/                |           |
|    ep_len_mean          | 3.44e+03  |
|    ep_rew_mean          | -0.655    |
| time/                   |           |
|    fps                  | 4078      |
|    iterations           | 170       |
|    time_elapsed         | 85        |
|    total_timesteps      | 348160    |
| train/                  |           |
|    approx_kl            | 0.0179514 |
|    clip_fraction        | 0.147     |
|    clip_range           | 0.2       |
|    entropy_loss         | -0.75     |
|    explained_variance   | 0.364     |
|    learning_rate        | 0.0003    |
|    loss                 | -0.00407  |
|    n_updates            | 1690      |
|    policy_gradient_loss | -0.0154   |
|    value_loss           | 0.000332  |
---------------------------------------
----------------------------------------
| rollout/                |            |
|    ep_len_mean          | 3.44e+03   |
|    ep_rew_mean          | -0.655     |
| time/                   |            |
|    fps                  | 4078       |
|    iterations           | 171        |
|    time_elapsed         | 85         |
|    total_timesteps      | 350208     |
| train/                  |            |
|    approx_kl            | 0.01485051 |
|    clip_fraction        | 0.14       |
|    clip_range           | 0.2        |
|    entropy_loss         | -0.81      |
|    explained_variance   | -0.421     |
|    learning_rate        | 0.0003     |
|    loss                 | -0.00382   |
|    n_updates            | 1700       |
|    policy_gradient_loss | -0.0147    |
|    value_loss           | 0.000343   |
----------------------------------------
-----------------------------------------
| rollout/                |             |
|    ep_len_mean          | 3.47e+03    |
|    ep_rew_mean          | -0.64       |
| time/                   |             |
|    fps                  | 4078        |
|    iterations           | 172         |
|    time_elapsed         | 86          |
|    total_timesteps      | 352256      |
| train/                  |             |
|    approx_kl            | 0.014979639 |
|    clip_fraction        | 0.14        |
|    clip_range           | 0.2         |
|    entropy_loss         | -0.727      |
|    explained_variance   | 0.172       |
|    learning_rate        | 0.0003      |
|    loss                 | -0.0135     |
|    n_updates            | 1710        |
|    policy_gradient_loss | -0.0167     |
|    value_loss           | 0.000313    |
-----------------------------------------
-----------------------------------------
| rollout/                |             |
|    ep_len_mean          | 3.47e+03    |
|    ep_rew_mean          | -0.64       |
| time/                   |             |
|    fps                  | 4079        |
|    iterations           | 173         |
|    time_elapsed         | 86          |
|    total_timesteps      | 354304      |
| train/                  |             |
|    approx_kl            | 0.015800089 |
|    clip_fraction        | 0.149       |
|    clip_range           | 0.2         |
|    entropy_loss         | -0.767      |
|    explained_variance   | 0.31        |
|    learning_rate        | 0.0003      |
|    loss                 | -0.0409     |
|    n_updates            | 1720        |
|    policy_gradient_loss | -0.0163     |
|    value_loss           | 0.000314    |
-----------------------------------------
-----------------------------------------
| rollout/                |             |
|    ep_len_mean          | 3.51e+03    |
|    ep_rew_mean          | -0.628      |
| time/                   |             |
|    fps                  | 4079        |
|    iterations           | 174         |
|    time_elapsed         | 87          |
|    total_timesteps      | 356352      |
| train/                  |             |
|    approx_kl            | 0.018886438 |
|    clip_fraction        | 0.163       |
|    clip_range           | 0.2         |
|    entropy_loss         | -0.767      |
|    explained_variance   | 0.443       |
|    learning_rate        | 0.0003      |
|    loss                 | -0.0104     |
|    n_updates            | 1730        |
|    policy_gradient_loss | -0.0182     |
|    value_loss           | 0.000356    |
-----------------------------------------
-----------------------------------------
| rollout/                |             |
|    ep_len_mean          | 3.51e+03    |
|    ep_rew_mean          | -0.628      |
| time/                   |             |
|    fps                  | 4079        |
|    iterations           | 175         |
|    time_elapsed         | 87          |
|    total_timesteps      | 358400      |
| train/                  |             |
|    approx_kl            | 0.017251447 |
|    clip_fraction        | 0.164       |
|    clip_range           | 0.2         |
|    entropy_loss         | -0.774      |
|    explained_variance   | 0.136       |
|    learning_rate        | 0.0003      |
|    loss                 | -0.0216     |
|    n_updates            | 1740        |
|    policy_gradient_loss | -0.0177     |
|    value_loss           | 0.000318    |
-----------------------------------------
-----------------------------------------
| rollout/                |             |
|    ep_len_mean          | 3.54e+03    |
|    ep_rew_mean          | -0.615      |
| time/                   |             |
|    fps                  | 4079        |
|    iterations           | 176         |
|    time_elapsed         | 88          |
|    total_timesteps      | 360448      |
| train/                  |             |
|    approx_kl            | 0.016395781 |
|    clip_fraction        | 0.157       |
|    clip_range           | 0.2         |
|    entropy_loss         | -0.739      |
|    explained_variance   | 0.437       |
|    learning_rate        | 0.0003      |
|    loss                 | -0.0612     |
|    n_updates            | 1750        |
|    policy_gradient_loss | -0.0177     |
|    value_loss           | 0.000325    |
-----------------------------------------
----------------------------------------
| rollout/                |            |
|    ep_len_mean          | 3.54e+03   |
|    ep_rew_mean          | -0.615     |
| time/                   |            |
|    fps                  | 4080       |
|    iterations           | 177        |
|    time_elapsed         | 88         |
|    total_timesteps      | 362496     |
| train/                  |            |
|    approx_kl            | 0.01601599 |
|    clip_fraction        | 0.141      |
|    clip_range           | 0.2        |
|    entropy_loss         | -0.778     |
|    explained_variance   | 0.163      |
|    learning_rate        | 0.0003     |
|    loss                 | -0.0455    |
|    n_updates            | 1760       |
|    policy_gradient_loss | -0.0173    |
|    value_loss           | 0.000288   |
----------------------------------------
-----------------------------------------
| rollout/                |             |
|    ep_len_mean          | 3.57e+03    |
|    ep_rew_mean          | -0.604      |
| time/                   |             |
|    fps                  | 4080        |
|    iterations           | 178         |
|    time_elapsed         | 89          |
|    total_timesteps      | 364544      |
| train/                  |             |
|    approx_kl            | 0.016259003 |
|    clip_fraction        | 0.149       |
|    clip_range           | 0.2         |
|    entropy_loss         | -0.749      |
|    explained_variance   | 0.448       |
|    learning_rate        | 0.0003      |
|    loss                 | 0.00952     |
|    n_updates            | 1770        |
|    policy_gradient_loss | -0.0166     |
|    value_loss           | 0.000346    |
-----------------------------------------
-----------------------------------------
| rollout/                |             |
|    ep_len_mean          | 3.57e+03    |
|    ep_rew_mean          | -0.604      |
| time/                   |             |
|    fps                  | 4080        |
|    iterations           | 179         |
|    time_elapsed         | 89          |
|    total_timesteps      | 366592      |
| train/                  |             |
|    approx_kl            | 0.017413639 |
|    clip_fraction        | 0.172       |
|    clip_range           | 0.2         |
|    entropy_loss         | -0.798      |
|    explained_variance   | 0.156       |
|    learning_rate        | 0.0003      |
|    loss                 | -0.0221     |
|    n_updates            | 1780        |
|    policy_gradient_loss | -0.0195     |
|    value_loss           | 0.000269    |
-----------------------------------------
-----------------------------------------
| rollout/                |             |
|    ep_len_mean          | 3.57e+03    |
|    ep_rew_mean          | -0.604      |
| time/                   |             |
|    fps                  | 4080        |
|    iterations           | 180         |
|    time_elapsed         | 90          |
|    total_timesteps      | 368640      |
| train/                  |             |
|    approx_kl            | 0.013320597 |
|    clip_fraction        | 0.147       |
|    clip_range           | 0.2         |
|    entropy_loss         | -0.802      |
|    explained_variance   | 0.345       |
|    learning_rate        | 0.0003      |
|    loss                 | -0.0122     |
|    n_updates            | 1790        |
|    policy_gradient_loss | -0.0167     |
|    value_loss           | 0.000249    |
-----------------------------------------
-----------------------------------------
| rollout/                |             |
|    ep_len_mean          | 3.61e+03    |
|    ep_rew_mean          | -0.589      |
| time/                   |             |
|    fps                  | 4080        |
|    iterations           | 181         |
|    time_elapsed         | 90          |
|    total_timesteps      | 370688      |
| train/                  |             |
|    approx_kl            | 0.016400697 |
|    clip_fraction        | 0.175       |
|    clip_range           | 0.2         |
|    entropy_loss         | -0.778      |
|    explained_variance   | 0.276       |
|    learning_rate        | 0.0003      |
|    loss                 | -0.00218    |
|    n_updates            | 1800        |
|    policy_gradient_loss | -0.0179     |
|    value_loss           | 0.000322    |
-----------------------------------------
------------------------------------------
| rollout/                |              |
|    ep_len_mean          | 3.61e+03     |
|    ep_rew_mean          | -0.589       |
| time/                   |              |
|    fps                  | 4080         |
|    iterations           | 182          |
|    time_elapsed         | 91           |
|    total_timesteps      | 372736       |
| train/                  |              |
|    approx_kl            | 0.0155277215 |
|    clip_fraction        | 0.15         |
|    clip_range           | 0.2          |
|    entropy_loss         | -0.786       |
|    explained_variance   | 0.377        |
|    learning_rate        | 0.0003       |
|    loss                 | -0.0338      |
|    n_updates            | 1810         |
|    policy_gradient_loss | -0.0198      |
|    value_loss           | 0.0003       |
------------------------------------------
-----------------------------------------
| rollout/                |             |
|    ep_len_mean          | 3.64e+03    |
|    ep_rew_mean          | -0.572      |
| time/                   |             |
|    fps                  | 4080        |
|    iterations           | 183         |
|    time_elapsed         | 91          |
|    total_timesteps      | 374784      |
| train/                  |             |
|    approx_kl            | 0.015196338 |
|    clip_fraction        | 0.159       |
|    clip_range           | 0.2         |
|    entropy_loss         | -0.772      |
|    explained_variance   | 0.27        |
|    learning_rate        | 0.0003      |
|    loss                 | -0.0153     |
|    n_updates            | 1820        |
|    policy_gradient_loss | -0.0156     |
|    value_loss           | 0.000284    |
-----------------------------------------
-----------------------------------------
| rollout/                |             |
|    ep_len_mean          | 3.64e+03    |
|    ep_rew_mean          | -0.572      |
| time/                   |             |
|    fps                  | 4080        |
|    iterations           | 184         |
|    time_elapsed         | 92          |
|    total_timesteps      | 376832      |
| train/                  |             |
|    approx_kl            | 0.017614102 |
|    clip_fraction        | 0.17        |
|    clip_range           | 0.2         |
|    entropy_loss         | -0.782      |
|    explained_variance   | 0.406       |
|    learning_rate        | 0.0003      |
|    loss                 | -0.0251     |
|    n_updates            | 1830        |
|    policy_gradient_loss | -0.0193     |
|    value_loss           | 0.000251    |
-----------------------------------------
-----------------------------------------
| rollout/                |             |
|    ep_len_mean          | 3.67e+03    |
|    ep_rew_mean          | -0.554      |
| time/                   |             |
|    fps                  | 4081        |
|    iterations           | 185         |
|    time_elapsed         | 92          |
|    total_timesteps      | 378880      |
| train/                  |             |
|    approx_kl            | 0.019351501 |
|    clip_fraction        | 0.158       |
|    clip_range           | 0.2         |
|    entropy_loss         | -0.774      |
|    explained_variance   | 0.344       |
|    learning_rate        | 0.0003      |
|    loss                 | -0.0157     |
|    n_updates            | 1840        |
|    policy_gradient_loss | -0.0174     |
|    value_loss           | 0.000341    |
-----------------------------------------
----------------------------------------
| rollout/                |            |
|    ep_len_mean          | 3.67e+03   |
|    ep_rew_mean          | -0.554     |
| time/                   |            |
|    fps                  | 4081       |
|    iterations           | 186        |
|    time_elapsed         | 93         |
|    total_timesteps      | 380928     |
| train/                  |            |
|    approx_kl            | 0.01849013 |
|    clip_fraction        | 0.167      |
|    clip_range           | 0.2        |
|    entropy_loss         | -0.746     |
|    explained_variance   | -0.092     |
|    learning_rate        | 0.0003     |
|    loss                 | -0.0388    |
|    n_updates            | 1850       |
|    policy_gradient_loss | -0.0207    |
|    value_loss           | 0.000281   |
----------------------------------------
-----------------------------------------
| rollout/                |             |
|    ep_len_mean          | 3.7e+03     |
|    ep_rew_mean          | -0.54       |
| time/                   |             |
|    fps                  | 4081        |
|    iterations           | 187         |
|    time_elapsed         | 93          |
|    total_timesteps      | 382976      |
| train/                  |             |
|    approx_kl            | 0.016957479 |
|    clip_fraction        | 0.165       |
|    clip_range           | 0.2         |
|    entropy_loss         | -0.712      |
|    explained_variance   | 0.363       |
|    learning_rate        | 0.0003      |
|    loss                 | -0.0401     |
|    n_updates            | 1860        |
|    policy_gradient_loss | -0.021      |
|    value_loss           | 0.00025     |
-----------------------------------------
-----------------------------------------
| rollout/                |             |
|    ep_len_mean          | 3.7e+03     |
|    ep_rew_mean          | -0.54       |
| time/                   |             |
|    fps                  | 4082        |
|    iterations           | 188         |
|    time_elapsed         | 94          |
|    total_timesteps      | 385024      |
| train/                  |             |
|    approx_kl            | 0.020729078 |
|    clip_fraction        | 0.153       |
|    clip_range           | 0.2         |
|    entropy_loss         | -0.764      |
|    explained_variance   | 0.487       |
|    learning_rate        | 0.0003      |
|    loss                 | -0.00272    |
|    n_updates            | 1870        |
|    policy_gradient_loss | -0.0141     |
|    value_loss           | 0.000363    |
-----------------------------------------
-----------------------------------------
| rollout/                |             |
|    ep_len_mean          | 3.73e+03    |
|    ep_rew_mean          | -0.525      |
| time/                   |             |
|    fps                  | 4082        |
|    iterations           | 189         |
|    time_elapsed         | 94          |
|    total_timesteps      | 387072      |
| train/                  |             |
|    approx_kl            | 0.021205353 |
|    clip_fraction        | 0.147       |
|    clip_range           | 0.2         |
|    entropy_loss         | -0.761      |
|    explained_variance   | 0.399       |
|    learning_rate        | 0.0003      |
|    loss                 | -0.0151     |
|    n_updates            | 1880        |
|    policy_gradient_loss | -0.0178     |
|    value_loss           | 0.000321    |
-----------------------------------------
-----------------------------------------
| rollout/                |             |
|    ep_len_mean          | 3.73e+03    |
|    ep_rew_mean          | -0.525      |
| time/                   |             |
|    fps                  | 4082        |
|    iterations           | 190         |
|    time_elapsed         | 95          |
|    total_timesteps      | 389120      |
| train/                  |             |
|    approx_kl            | 0.015797399 |
|    clip_fraction        | 0.144       |
|    clip_range           | 0.2         |
|    entropy_loss         | -0.802      |
|    explained_variance   | 0.184       |
|    learning_rate        | 0.0003      |
|    loss                 | -0.0309     |
|    n_updates            | 1890        |
|    policy_gradient_loss | -0.0177     |
|    value_loss           | 0.000232    |
-----------------------------------------
-----------------------------------------
| rollout/                |             |
|    ep_len_mean          | 3.76e+03    |
|    ep_rew_mean          | -0.509      |
| time/                   |             |
|    fps                  | 4082        |
|    iterations           | 191         |
|    time_elapsed         | 95          |
|    total_timesteps      | 391168      |
| train/                  |             |
|    approx_kl            | 0.018742833 |
|    clip_fraction        | 0.169       |
|    clip_range           | 0.2         |
|    entropy_loss         | -0.791      |
|    explained_variance   | 0.31        |
|    learning_rate        | 0.0003      |
|    loss                 | -0.0381     |
|    n_updates            | 1900        |
|    policy_gradient_loss | -0.0206     |
|    value_loss           | 0.000239    |
-----------------------------------------
----------------------------------------
| rollout/                |            |
|    ep_len_mean          | 3.76e+03   |
|    ep_rew_mean          | -0.509     |
| time/                   |            |
|    fps                  | 4082       |
|    iterations           | 192        |
|    time_elapsed         | 96         |
|    total_timesteps      | 393216     |
| train/                  |            |
|    approx_kl            | 0.01493891 |
|    clip_fraction        | 0.146      |
|    clip_range           | 0.2        |
|    entropy_loss         | -0.809     |
|    explained_variance   | 0.219      |
|    learning_rate        | 0.0003     |
|    loss                 | -0.0447    |
|    n_updates            | 1910       |
|    policy_gradient_loss | -0.0163    |
|    value_loss           | 0.000322   |
----------------------------------------
-----------------------------------------
| rollout/                |             |
|    ep_len_mean          | 3.79e+03    |
|    ep_rew_mean          | -0.493      |
| time/                   |             |
|    fps                  | 4082        |
|    iterations           | 193         |
|    time_elapsed         | 96          |
|    total_timesteps      | 395264      |
| train/                  |             |
|    approx_kl            | 0.018637132 |
|    clip_fraction        | 0.165       |
|    clip_range           | 0.2         |
|    entropy_loss         | -0.808      |
|    explained_variance   | 0.355       |
|    learning_rate        | 0.0003      |
|    loss                 | 0.00666     |
|    n_updates            | 1920        |
|    policy_gradient_loss | -0.0199     |
|    value_loss           | 0.00018     |
-----------------------------------------
-----------------------------------------
| rollout/                |             |
|    ep_len_mean          | 3.79e+03    |
|    ep_rew_mean          | -0.493      |
| time/                   |             |
|    fps                  | 4083        |
|    iterations           | 194         |
|    time_elapsed         | 97          |
|    total_timesteps      | 397312      |
| train/                  |             |
|    approx_kl            | 0.017804349 |
|    clip_fraction        | 0.168       |
|    clip_range           | 0.2         |
|    entropy_loss         | -0.811      |
|    explained_variance   | 0.441       |
|    learning_rate        | 0.0003      |
|    loss                 | -0.0327     |
|    n_updates            | 1930        |
|    policy_gradient_loss | -0.0199     |
|    value_loss           | 0.000328    |
-----------------------------------------
-----------------------------------------
| rollout/                |             |
|    ep_len_mean          | 3.82e+03    |
|    ep_rew_mean          | -0.478      |
| time/                   |             |
|    fps                  | 4083        |
|    iterations           | 195         |
|    time_elapsed         | 97          |
|    total_timesteps      | 399360      |
| train/                  |             |
|    approx_kl            | 0.017501963 |
|    clip_fraction        | 0.165       |
|    clip_range           | 0.2         |
|    entropy_loss         | -0.793      |
|    explained_variance   | 0.363       |
|    learning_rate        | 0.0003      |
|    loss                 | -0.0132     |
|    n_updates            | 1940        |
|    policy_gradient_loss | -0.0193     |
|    value_loss           | 0.000225    |
-----------------------------------------
----------------------------------------
| rollout/                |            |
|    ep_len_mean          | 3.82e+03   |
|    ep_rew_mean          | -0.478     |
| time/                   |            |
|    fps                  | 4083       |
|    iterations           | 196        |
|    time_elapsed         | 98         |
|    total_timesteps      | 401408     |
| train/                  |            |
|    approx_kl            | 0.01493473 |
|    clip_fraction        | 0.146      |
|    clip_range           | 0.2        |
|    entropy_loss         | -0.784     |
|    explained_variance   | 0.381      |
|    learning_rate        | 0.0003     |
|    loss                 | -0.022     |
|    n_updates            | 1950       |
|    policy_gradient_loss | -0.015     |
|    value_loss           | 0.000316   |
----------------------------------------
-----------------------------------------
| rollout/                |             |
|    ep_len_mean          | 3.85e+03    |
|    ep_rew_mean          | -0.461      |
| time/                   |             |
|    fps                  | 4083        |
|    iterations           | 197         |
|    time_elapsed         | 98          |
|    total_timesteps      | 403456      |
| train/                  |             |
|    approx_kl            | 0.017187372 |
|    clip_fraction        | 0.171       |
|    clip_range           | 0.2         |
|    entropy_loss         | -0.788      |
|    explained_variance   | 0.39        |
|    learning_rate        | 0.0003      |
|    loss                 | -0.0422     |
|    n_updates            | 1960        |
|    policy_gradient_loss | -0.0184     |
|    value_loss           | 0.000245    |
-----------------------------------------
-----------------------------------------
| rollout/                |             |
|    ep_len_mean          | 3.85e+03    |
|    ep_rew_mean          | -0.461      |
| time/                   |             |
|    fps                  | 4083        |
|    iterations           | 198         |
|    time_elapsed         | 99          |
|    total_timesteps      | 405504      |
| train/                  |             |
|    approx_kl            | 0.014979148 |
|    clip_fraction        | 0.157       |
|    clip_range           | 0.2         |
|    entropy_loss         | -0.769      |
|    explained_variance   | 0.318       |
|    learning_rate        | 0.0003      |
|    loss                 | -0.0304     |
|    n_updates            | 1970        |
|    policy_gradient_loss | -0.0157     |
|    value_loss           | 0.000406    |
-----------------------------------------
-----------------------------------------
| rollout/                |             |
|    ep_len_mean          | 3.88e+03    |
|    ep_rew_mean          | -0.448      |
| time/                   |             |
|    fps                  | 4084        |
|    iterations           | 199         |
|    time_elapsed         | 99          |
|    total_timesteps      | 407552      |
| train/                  |             |
|    approx_kl            | 0.019534713 |
|    clip_fraction        | 0.186       |
|    clip_range           | 0.2         |
|    entropy_loss         | -0.777      |
|    explained_variance   | -0.167      |
|    learning_rate        | 0.0003      |
|    loss                 | -0.0255     |
|    n_updates            | 1980        |
|    policy_gradient_loss | -0.0196     |
|    value_loss           | 0.000381    |
-----------------------------------------
----------------------------------------
| rollout/                |            |
|    ep_len_mean          | 3.88e+03   |
|    ep_rew_mean          | -0.448     |
| time/                   |            |
|    fps                  | 4084       |
|    iterations           | 200        |
|    time_elapsed         | 100        |
|    total_timesteps      | 409600     |
| train/                  |            |
|    approx_kl            | 0.02318238 |
|    clip_fraction        | 0.171      |
|    clip_range           | 0.2        |
|    entropy_loss         | -0.718     |
|    explained_variance   | 0.261      |
|    learning_rate        | 0.0003     |
|    loss                 | -0.0371    |
|    n_updates            | 1990       |
|    policy_gradient_loss | -0.0201    |
|    value_loss           | 0.000265   |
----------------------------------------
-----------------------------------------
| rollout/                |             |
|    ep_len_mean          | 3.88e+03    |
|    ep_rew_mean          | -0.448      |
| time/                   |             |
|    fps                  | 4084        |
|    iterations           | 201         |
|    time_elapsed         | 100         |
|    total_timesteps      | 411648      |
| train/                  |             |
|    approx_kl            | 0.015082946 |
|    clip_fraction        | 0.146       |
|    clip_range           | 0.2         |
|    entropy_loss         | -0.782      |
|    explained_variance   | 0.259       |
|    learning_rate        | 0.0003      |
|    loss                 | -0.0253     |
|    n_updates            | 2000        |
|    policy_gradient_loss | -0.0175     |
|    value_loss           | 0.000282    |
-----------------------------------------
----------------------------------------
| rollout/                |            |
|    ep_len_mean          | 3.91e+03   |
|    ep_rew_mean          | -0.428     |
| time/                   |            |
|    fps                  | 4080       |
|    iterations           | 202        |
|    time_elapsed         | 101        |
|    total_timesteps      | 413696     |
| train/                  |            |
|    approx_kl            | 0.02130185 |
|    clip_fraction        | 0.17       |
|    clip_range           | 0.2        |
|    entropy_loss         | -0.763     |
|    explained_variance   | 0.329      |
|    learning_rate        | 0.0003     |
|    loss                 | -0.0379    |
|    n_updates            | 2010       |
|    policy_gradient_loss | -0.0183    |
|    value_loss           | 0.000247   |
----------------------------------------
-----------------------------------------
| rollout/                |             |
|    ep_len_mean          | 3.91e+03    |
|    ep_rew_mean          | -0.428      |
| time/                   |             |
|    fps                  | 4079        |
|    iterations           | 203         |
|    time_elapsed         | 101         |
|    total_timesteps      | 415744      |
| train/                  |             |
|    approx_kl            | 0.017793097 |
|    clip_fraction        | 0.18        |
|    clip_range           | 0.2         |
|    entropy_loss         | -0.781      |
|    explained_variance   | 0.303       |
|    learning_rate        | 0.0003      |
|    loss                 | -0.0415     |
|    n_updates            | 2020        |
|    policy_gradient_loss | -0.0191     |
|    value_loss           | 0.000239    |
-----------------------------------------
-----------------------------------------
| rollout/                |             |
|    ep_len_mean          | 3.93e+03    |
|    ep_rew_mean          | -0.409      |
| time/                   |             |
|    fps                  | 4080        |
|    iterations           | 204         |
|    time_elapsed         | 102         |
|    total_timesteps      | 417792      |
| train/                  |             |
|    approx_kl            | 0.017398713 |
|    clip_fraction        | 0.161       |
|    clip_range           | 0.2         |
|    entropy_loss         | -0.766      |
|    explained_variance   | 0.365       |
|    learning_rate        | 0.0003      |
|    loss                 | -0.0361     |
|    n_updates            | 2030        |
|    policy_gradient_loss | -0.0158     |
|    value_loss           | 0.00023     |
-----------------------------------------
-----------------------------------------
| rollout/                |             |
|    ep_len_mean          | 3.93e+03    |
|    ep_rew_mean          | -0.409      |
| time/                   |             |
|    fps                  | 4075        |
|    iterations           | 205         |
|    time_elapsed         | 103         |
|    total_timesteps      | 419840      |
| train/                  |             |
|    approx_kl            | 0.018487846 |
|    clip_fraction        | 0.171       |
|    clip_range           | 0.2         |
|    entropy_loss         | -0.802      |
|    explained_variance   | 0.114       |
|    learning_rate        | 0.0003      |
|    loss                 | -0.00602    |
|    n_updates            | 2040        |
|    policy_gradient_loss | -0.0195     |
|    value_loss           | 0.000339    |
-----------------------------------------
----------------------------------------
| rollout/                |            |
|    ep_len_mean          | 3.96e+03   |
|    ep_rew_mean          | -0.394     |
| time/                   |            |
|    fps                  | 4075       |
|    iterations           | 206        |
|    time_elapsed         | 103        |
|    total_timesteps      | 421888     |
| train/                  |            |
|    approx_kl            | 0.01770976 |
|    clip_fraction        | 0.158      |
|    clip_range           | 0.2        |
|    entropy_loss         | -0.777     |
|    explained_variance   | 0.336      |
|    learning_rate        | 0.0003     |
|    loss                 | -0.0254    |
|    n_updates            | 2050       |
|    policy_gradient_loss | -0.0193    |
|    value_loss           | 0.000225   |
----------------------------------------
-----------------------------------------
| rollout/                |             |
|    ep_len_mean          | 3.96e+03    |
|    ep_rew_mean          | -0.394      |
| time/                   |             |
|    fps                  | 4076        |
|    iterations           | 207         |
|    time_elapsed         | 104         |
|    total_timesteps      | 423936      |
| train/                  |             |
|    approx_kl            | 0.016892277 |
|    clip_fraction        | 0.167       |
|    clip_range           | 0.2         |
|    entropy_loss         | -0.794      |
|    explained_variance   | 0.486       |
|    learning_rate        | 0.0003      |
|    loss                 | -0.0242     |
|    n_updates            | 2060        |
|    policy_gradient_loss | -0.0169     |
|    value_loss           | 0.000368    |
-----------------------------------------
-----------------------------------------
| rollout/                |             |
|    ep_len_mean          | 3.99e+03    |
|    ep_rew_mean          | -0.383      |
| time/                   |             |
|    fps                  | 4076        |
|    iterations           | 208         |
|    time_elapsed         | 104         |
|    total_timesteps      | 425984      |
| train/                  |             |
|    approx_kl            | 0.019646714 |
|    clip_fraction        | 0.17        |
|    clip_range           | 0.2         |
|    entropy_loss         | -0.772      |
|    explained_variance   | 0.504       |
|    learning_rate        | 0.0003      |
|    loss                 | -0.0154     |
|    n_updates            | 2070        |
|    policy_gradient_loss | -0.0175     |
|    value_loss           | 0.000278    |
-----------------------------------------
-----------------------------------------
| rollout/                |             |
|    ep_len_mean          | 3.99e+03    |
|    ep_rew_mean          | -0.383      |
| time/                   |             |
|    fps                  | 4076        |
|    iterations           | 209         |
|    time_elapsed         | 105         |
|    total_timesteps      | 428032      |
| train/                  |             |
|    approx_kl            | 0.019660268 |
|    clip_fraction        | 0.182       |
|    clip_range           | 0.2         |
|    entropy_loss         | -0.802      |
|    explained_variance   | 0.415       |
|    learning_rate        | 0.0003      |
|    loss                 | -0.0189     |
|    n_updates            | 2080        |
|    policy_gradient_loss | -0.0192     |
|    value_loss           | 0.000345    |
-----------------------------------------
-----------------------------------------
| rollout/                |             |
|    ep_len_mean          | 4.02e+03    |
|    ep_rew_mean          | -0.37       |
| time/                   |             |
|    fps                  | 4076        |
|    iterations           | 210         |
|    time_elapsed         | 105         |
|    total_timesteps      | 430080      |
| train/                  |             |
|    approx_kl            | 0.014830389 |
|    clip_fraction        | 0.147       |
|    clip_range           | 0.2         |
|    entropy_loss         | -0.768      |
|    explained_variance   | 0.378       |
|    learning_rate        | 0.0003      |
|    loss                 | -0.0456     |
|    n_updates            | 2090        |
|    policy_gradient_loss | -0.0164     |
|    value_loss           | 0.000248    |
-----------------------------------------
-----------------------------------------
| rollout/                |             |
|    ep_len_mean          | 4.02e+03    |
|    ep_rew_mean          | -0.37       |
| time/                   |             |
|    fps                  | 4076        |
|    iterations           | 211         |
|    time_elapsed         | 106         |
|    total_timesteps      | 432128      |
| train/                  |             |
|    approx_kl            | 0.016654871 |
|    clip_fraction        | 0.155       |
|    clip_range           | 0.2         |
|    entropy_loss         | -0.78       |
|    explained_variance   | 0.312       |
|    learning_rate        | 0.0003      |
|    loss                 | -0.00802    |
|    n_updates            | 2100        |
|    policy_gradient_loss | -0.0173     |
|    value_loss           | 0.000264    |
-----------------------------------------
-----------------------------------------
| rollout/                |             |
|    ep_len_mean          | 4.04e+03    |
|    ep_rew_mean          | -0.353      |
| time/                   |             |
|    fps                  | 4076        |
|    iterations           | 212         |
|    time_elapsed         | 106         |
|    total_timesteps      | 434176      |
| train/                  |             |
|    approx_kl            | 0.017810574 |
|    clip_fraction        | 0.159       |
|    clip_range           | 0.2         |
|    entropy_loss         | -0.791      |
|    explained_variance   | 0.331       |
|    learning_rate        | 0.0003      |
|    loss                 | -0.0178     |
|    n_updates            | 2110        |
|    policy_gradient_loss | -0.0188     |
|    value_loss           | 0.000222    |
-----------------------------------------
-----------------------------------------
| rollout/                |             |
|    ep_len_mean          | 4.04e+03    |
|    ep_rew_mean          | -0.353      |
| time/                   |             |
|    fps                  | 4076        |
|    iterations           | 213         |
|    time_elapsed         | 107         |
|    total_timesteps      | 436224      |
| train/                  |             |
|    approx_kl            | 0.015484193 |
|    clip_fraction        | 0.151       |
|    clip_range           | 0.2         |
|    entropy_loss         | -0.802      |
|    explained_variance   | 0.248       |
|    learning_rate        | 0.0003      |
|    loss                 | -0.0387     |
|    n_updates            | 2120        |
|    policy_gradient_loss | -0.015      |
|    value_loss           | 0.000235    |
-----------------------------------------
-----------------------------------------
| rollout/                |             |
|    ep_len_mean          | 4.07e+03    |
|    ep_rew_mean          | -0.339      |
| time/                   |             |
|    fps                  | 4076        |
|    iterations           | 214         |
|    time_elapsed         | 107         |
|    total_timesteps      | 438272      |
| train/                  |             |
|    approx_kl            | 0.019857192 |
|    clip_fraction        | 0.176       |
|    clip_range           | 0.2         |
|    entropy_loss         | -0.81       |
|    explained_variance   | 0.382       |
|    learning_rate        | 0.0003      |
|    loss                 | -0.0218     |
|    n_updates            | 2130        |
|    policy_gradient_loss | -0.019      |
|    value_loss           | 0.000218    |
-----------------------------------------
-----------------------------------------
| rollout/                |             |
|    ep_len_mean          | 4.07e+03    |
|    ep_rew_mean          | -0.339      |
| time/                   |             |
|    fps                  | 4076        |
|    iterations           | 215         |
|    time_elapsed         | 108         |
|    total_timesteps      | 440320      |
| train/                  |             |
|    approx_kl            | 0.017083582 |
|    clip_fraction        | 0.168       |
|    clip_range           | 0.2         |
|    entropy_loss         | -0.812      |
|    explained_variance   | 0.495       |
|    learning_rate        | 0.0003      |
|    loss                 | 0.000394    |
|    n_updates            | 2140        |
|    policy_gradient_loss | -0.0137     |
|    value_loss           | 0.000386    |
-----------------------------------------
-----------------------------------------
| rollout/                |             |
|    ep_len_mean          | 4.09e+03    |
|    ep_rew_mean          | -0.325      |
| time/                   |             |
|    fps                  | 4076        |
|    iterations           | 216         |
|    time_elapsed         | 108         |
|    total_timesteps      | 442368      |
| train/                  |             |
|    approx_kl            | 0.014810359 |
|    clip_fraction        | 0.167       |
|    clip_range           | 0.2         |
|    entropy_loss         | -0.793      |
|    explained_variance   | 0.499       |
|    learning_rate        | 0.0003      |
|    loss                 | -0.0132     |
|    n_updates            | 2150        |
|    policy_gradient_loss | -0.0181     |
|    value_loss           | 0.000341    |
-----------------------------------------
-----------------------------------------
| rollout/                |             |
|    ep_len_mean          | 4.09e+03    |
|    ep_rew_mean          | -0.325      |
| time/                   |             |
|    fps                  | 4076        |
|    iterations           | 217         |
|    time_elapsed         | 109         |
|    total_timesteps      | 444416      |
| train/                  |             |
|    approx_kl            | 0.019578885 |
|    clip_fraction        | 0.186       |
|    clip_range           | 0.2         |
|    entropy_loss         | -0.789      |
|    explained_variance   | -0.122      |
|    learning_rate        | 0.0003      |
|    loss                 | -0.0169     |
|    n_updates            | 2160        |
|    policy_gradient_loss | -0.0178     |
|    value_loss           | 0.000197    |
-----------------------------------------
-----------------------------------------
| rollout/                |             |
|    ep_len_mean          | 4.11e+03    |
|    ep_rew_mean          | -0.31       |
| time/                   |             |
|    fps                  | 4072        |
|    iterations           | 218         |
|    time_elapsed         | 109         |
|    total_timesteps      | 446464      |
| train/                  |             |
|    approx_kl            | 0.013940403 |
|    clip_fraction        | 0.148       |
|    clip_range           | 0.2         |
|    entropy_loss         | -0.787      |
|    explained_variance   | 0.365       |
|    learning_rate        | 0.0003      |
|    loss                 | -0.00597    |
|    n_updates            | 2170        |
|    policy_gradient_loss | -0.0151     |
|    value_loss           | 0.000193    |
-----------------------------------------
-----------------------------------------
| rollout/                |             |
|    ep_len_mean          | 4.11e+03    |
|    ep_rew_mean          | -0.31       |
| time/                   |             |
|    fps                  | 4072        |
|    iterations           | 219         |
|    time_elapsed         | 110         |
|    total_timesteps      | 448512      |
| train/                  |             |
|    approx_kl            | 0.017166562 |
|    clip_fraction        | 0.164       |
|    clip_range           | 0.2         |
|    entropy_loss         | -0.788      |
|    explained_variance   | 0.278       |
|    learning_rate        | 0.0003      |
|    loss                 | -0.0143     |
|    n_updates            | 2180        |
|    policy_gradient_loss | -0.0158     |
|    value_loss           | 0.000409    |
-----------------------------------------
----------------------------------------
| rollout/                |            |
|    ep_len_mean          | 4.14e+03   |
|    ep_rew_mean          | -0.298     |
| time/                   |            |
|    fps                  | 4072       |
|    iterations           | 220        |
|    time_elapsed         | 110        |
|    total_timesteps      | 450560     |
| train/                  |            |
|    approx_kl            | 0.01813842 |
|    clip_fraction        | 0.18       |
|    clip_range           | 0.2        |
|    entropy_loss         | -0.785     |
|    explained_variance   | 0.124      |
|    learning_rate        | 0.0003     |
|    loss                 | -0.0391    |
|    n_updates            | 2190       |
|    policy_gradient_loss | -0.0216    |
|    value_loss           | 0.000259   |
----------------------------------------
-----------------------------------------
| rollout/                |             |
|    ep_len_mean          | 4.14e+03    |
|    ep_rew_mean          | -0.298      |
| time/                   |             |
|    fps                  | 4072        |
|    iterations           | 221         |
|    time_elapsed         | 111         |
|    total_timesteps      | 452608      |
| train/                  |             |
|    approx_kl            | 0.022285465 |
|    clip_fraction        | 0.186       |
|    clip_range           | 0.2         |
|    entropy_loss         | -0.768      |
|    explained_variance   | 0.284       |
|    learning_rate        | 0.0003      |
|    loss                 | -0.02       |
|    n_updates            | 2200        |
|    policy_gradient_loss | -0.0182     |
|    value_loss           | 0.000216    |
-----------------------------------------
-----------------------------------------
| rollout/                |             |
|    ep_len_mean          | 4.14e+03    |
|    ep_rew_mean          | -0.298      |
| time/                   |             |
|    fps                  | 4072        |
|    iterations           | 222         |
|    time_elapsed         | 111         |
|    total_timesteps      | 454656      |
| train/                  |             |
|    approx_kl            | 0.018114783 |
|    clip_fraction        | 0.177       |
|    clip_range           | 0.2         |
|    entropy_loss         | -0.751      |
|    explained_variance   | 0.571       |
|    learning_rate        | 0.0003      |
|    loss                 | -0.0249     |
|    n_updates            | 2210        |
|    policy_gradient_loss | -0.0183     |
|    value_loss           | 0.000259    |
-----------------------------------------
-----------------------------------------
| rollout/                |             |
|    ep_len_mean          | 4.16e+03    |
|    ep_rew_mean          | -0.287      |
| time/                   |             |
|    fps                  | 4072        |
|    iterations           | 223         |
|    time_elapsed         | 112         |
|    total_timesteps      | 456704      |
| train/                  |             |
|    approx_kl            | 0.015700905 |
|    clip_fraction        | 0.159       |
|    clip_range           | 0.2         |
|    entropy_loss         | -0.776      |
|    explained_variance   | 0.2         |
|    learning_rate        | 0.0003      |
|    loss                 | -0.0218     |
|    n_updates            | 2220        |
|    policy_gradient_loss | -0.0141     |
|    value_loss           | 0.000316    |
-----------------------------------------
-----------------------------------------
| rollout/                |             |
|    ep_len_mean          | 4.16e+03    |
|    ep_rew_mean          | -0.287      |
| time/                   |             |
|    fps                  | 4073        |
|    iterations           | 224         |
|    time_elapsed         | 112         |
|    total_timesteps      | 458752      |
| train/                  |             |
|    approx_kl            | 0.016187442 |
|    clip_fraction        | 0.168       |
|    clip_range           | 0.2         |
|    entropy_loss         | -0.781      |
|    explained_variance   | 0.382       |
|    learning_rate        | 0.0003      |
|    loss                 | -0.0252     |
|    n_updates            | 2230        |
|    policy_gradient_loss | -0.0149     |
|    value_loss           | 0.000227    |
-----------------------------------------
-----------------------------------------
| rollout/                |             |
|    ep_len_mean          | 4.19e+03    |
|    ep_rew_mean          | -0.275      |
| time/                   |             |
|    fps                  | 4073        |
|    iterations           | 225         |
|    time_elapsed         | 113         |
|    total_timesteps      | 460800      |
| train/                  |             |
|    approx_kl            | 0.024926875 |
|    clip_fraction        | 0.188       |
|    clip_range           | 0.2         |
|    entropy_loss         | -0.719      |
|    explained_variance   | 0.29        |
|    learning_rate        | 0.0003      |
|    loss                 | -0.0353     |
|    n_updates            | 2240        |
|    policy_gradient_loss | -0.0202     |
|    value_loss           | 0.000275    |
-----------------------------------------
-----------------------------------------
| rollout/                |             |
|    ep_len_mean          | 4.19e+03    |
|    ep_rew_mean          | -0.275      |
| time/                   |             |
|    fps                  | 4073        |
|    iterations           | 226         |
|    time_elapsed         | 113         |
|    total_timesteps      | 462848      |
| train/                  |             |
|    approx_kl            | 0.016493255 |
|    clip_fraction        | 0.162       |
|    clip_range           | 0.2         |
|    entropy_loss         | -0.723      |
|    explained_variance   | 0.374       |
|    learning_rate        | 0.0003      |
|    loss                 | -0.0284     |
|    n_updates            | 2250        |
|    policy_gradient_loss | -0.0156     |
|    value_loss           | 0.000233    |
-----------------------------------------
-----------------------------------------
| rollout/                |             |
|    ep_len_mean          | 4.21e+03    |
|    ep_rew_mean          | -0.261      |
| time/                   |             |
|    fps                  | 4073        |
|    iterations           | 227         |
|    time_elapsed         | 114         |
|    total_timesteps      | 464896      |
| train/                  |             |
|    approx_kl            | 0.019144915 |
|    clip_fraction        | 0.181       |
|    clip_range           | 0.2         |
|    entropy_loss         | -0.702      |
|    explained_variance   | 0.329       |
|    learning_rate        | 0.0003      |
|    loss                 | -0.0202     |
|    n_updates            | 2260        |
|    policy_gradient_loss | -0.0173     |
|    value_loss           | 0.000284    |
-----------------------------------------
-----------------------------------------
| rollout/                |             |
|    ep_len_mean          | 4.21e+03    |
|    ep_rew_mean          | -0.261      |
| time/                   |             |
|    fps                  | 4073        |
|    iterations           | 228         |
|    time_elapsed         | 114         |
|    total_timesteps      | 466944      |
| train/                  |             |
|    approx_kl            | 0.017124154 |
|    clip_fraction        | 0.159       |
|    clip_range           | 0.2         |
|    entropy_loss         | -0.755      |
|    explained_variance   | 0.361       |
|    learning_rate        | 0.0003      |
|    loss                 | -0.0311     |
|    n_updates            | 2270        |
|    policy_gradient_loss | -0.0178     |
|    value_loss           | 0.000273    |
-----------------------------------------
-----------------------------------------
| rollout/                |             |
|    ep_len_mean          | 4.23e+03    |
|    ep_rew_mean          | -0.245      |
| time/                   |             |
|    fps                  | 4073        |
|    iterations           | 229         |
|    time_elapsed         | 115         |
|    total_timesteps      | 468992      |
| train/                  |             |
|    approx_kl            | 0.023380127 |
|    clip_fraction        | 0.172       |
|    clip_range           | 0.2         |
|    entropy_loss         | -0.705      |
|    explained_variance   | 0.335       |
|    learning_rate        | 0.0003      |
|    loss                 | 0.0406      |
|    n_updates            | 2280        |
|    policy_gradient_loss | -0.015      |
|    value_loss           | 0.000263    |
-----------------------------------------
-----------------------------------------
| rollout/                |             |
|    ep_len_mean          | 4.23e+03    |
|    ep_rew_mean          | -0.245      |
| time/                   |             |
|    fps                  | 4073        |
|    iterations           | 230         |
|    time_elapsed         | 115         |
|    total_timesteps      | 471040      |
| train/                  |             |
|    approx_kl            | 0.026035007 |
|    clip_fraction        | 0.175       |
|    clip_range           | 0.2         |
|    entropy_loss         | -0.731      |
|    explained_variance   | 0.312       |
|    learning_rate        | 0.0003      |
|    loss                 | -0.0409     |
|    n_updates            | 2290        |
|    policy_gradient_loss | -0.0158     |
|    value_loss           | 0.000343    |
-----------------------------------------
-----------------------------------------
| rollout/                |             |
|    ep_len_mean          | 4.25e+03    |
|    ep_rew_mean          | -0.232      |
| time/                   |             |
|    fps                  | 4074        |
|    iterations           | 231         |
|    time_elapsed         | 116         |
|    total_timesteps      | 473088      |
| train/                  |             |
|    approx_kl            | 0.020485379 |
|    clip_fraction        | 0.159       |
|    clip_range           | 0.2         |
|    entropy_loss         | -0.719      |
|    explained_variance   | 0.375       |
|    learning_rate        | 0.0003      |
|    loss                 | -0.042      |
|    n_updates            | 2300        |
|    policy_gradient_loss | -0.0147     |
|    value_loss           | 0.000242    |
-----------------------------------------
-----------------------------------------
| rollout/                |             |
|    ep_len_mean          | 4.25e+03    |
|    ep_rew_mean          | -0.232      |
| time/                   |             |
|    fps                  | 4074        |
|    iterations           | 232         |
|    time_elapsed         | 116         |
|    total_timesteps      | 475136      |
| train/                  |             |
|    approx_kl            | 0.016693385 |
|    clip_fraction        | 0.163       |
|    clip_range           | 0.2         |
|    entropy_loss         | -0.75       |
|    explained_variance   | -0.027      |
|    learning_rate        | 0.0003      |
|    loss                 | 0.00513     |
|    n_updates            | 2310        |
|    policy_gradient_loss | -0.016      |
|    value_loss           | 0.000388    |
-----------------------------------------
-----------------------------------------
| rollout/                |             |
|    ep_len_mean          | 4.27e+03    |
|    ep_rew_mean          | -0.219      |
| time/                   |             |
|    fps                  | 4074        |
|    iterations           | 233         |
|    time_elapsed         | 117         |
|    total_timesteps      | 477184      |
| train/                  |             |
|    approx_kl            | 0.019005252 |
|    clip_fraction        | 0.187       |
|    clip_range           | 0.2         |
|    entropy_loss         | -0.763      |
|    explained_variance   | 0.39        |
|    learning_rate        | 0.0003      |
|    loss                 | -0.00725    |
|    n_updates            | 2320        |
|    policy_gradient_loss | -0.0212     |
|    value_loss           | 0.000311    |
-----------------------------------------
-----------------------------------------
| rollout/                |             |
|    ep_len_mean          | 4.27e+03    |
|    ep_rew_mean          | -0.219      |
| time/                   |             |
|    fps                  | 4074        |
|    iterations           | 234         |
|    time_elapsed         | 117         |
|    total_timesteps      | 479232      |
| train/                  |             |
|    approx_kl            | 0.020287046 |
|    clip_fraction        | 0.182       |
|    clip_range           | 0.2         |
|    entropy_loss         | -0.71       |
|    explained_variance   | 0.349       |
|    learning_rate        | 0.0003      |
|    loss                 | -0.0243     |
|    n_updates            | 2330        |
|    policy_gradient_loss | -0.019      |
|    value_loss           | 0.00029     |
-----------------------------------------
----------------------------------------
| rollout/                |            |
|    ep_len_mean          | 4.27e+03   |
|    ep_rew_mean          | -0.206     |
| time/                   |            |
|    fps                  | 4074       |
|    iterations           | 235        |
|    time_elapsed         | 118        |
|    total_timesteps      | 481280     |
| train/                  |            |
|    approx_kl            | 0.01843895 |
|    clip_fraction        | 0.159      |
|    clip_range           | 0.2        |
|    entropy_loss         | -0.698     |
|    explained_variance   | 0.482      |
|    learning_rate        | 0.0003     |
|    loss                 | -0.0269    |
|    n_updates            | 2340       |
|    policy_gradient_loss | -0.0172    |
|    value_loss           | 0.000275   |
----------------------------------------
-----------------------------------------
| rollout/                |             |
|    ep_len_mean          | 4.27e+03    |
|    ep_rew_mean          | -0.206      |
| time/                   |             |
|    fps                  | 4074        |
|    iterations           | 236         |
|    time_elapsed         | 118         |
|    total_timesteps      | 483328      |
| train/                  |             |
|    approx_kl            | 0.024299774 |
|    clip_fraction        | 0.17        |
|    clip_range           | 0.2         |
|    entropy_loss         | -0.741      |
|    explained_variance   | 0.39        |
|    learning_rate        | 0.0003      |
|    loss                 | -0.0254     |
|    n_updates            | 2350        |
|    policy_gradient_loss | -0.0191     |
|    value_loss           | 0.000316    |
-----------------------------------------
------------------------------------------
| rollout/                |              |
|    ep_len_mean          | 4.28e+03     |
|    ep_rew_mean          | -0.191       |
| time/                   |              |
|    fps                  | 4074         |
|    iterations           | 237          |
|    time_elapsed         | 119          |
|    total_timesteps      | 485376       |
| train/                  |              |
|    approx_kl            | 0.0148109235 |
|    clip_fraction        | 0.139        |
|    clip_range           | 0.2          |
|    entropy_loss         | -0.7         |
|    explained_variance   | 0.469        |
|    learning_rate        | 0.0003       |
|    loss                 | -0.0255      |
|    n_updates            | 2360         |
|    policy_gradient_loss | -0.0114      |
|    value_loss           | 0.00031      |
------------------------------------------
-----------------------------------------
| rollout/                |             |
|    ep_len_mean          | 4.28e+03    |
|    ep_rew_mean          | -0.191      |
| time/                   |             |
|    fps                  | 4075        |
|    iterations           | 238         |
|    time_elapsed         | 119         |
|    total_timesteps      | 487424      |
| train/                  |             |
|    approx_kl            | 0.016649958 |
|    clip_fraction        | 0.155       |
|    clip_range           | 0.2         |
|    entropy_loss         | -0.708      |
|    explained_variance   | -0.0439     |
|    learning_rate        | 0.0003      |
|    loss                 | -0.00435    |
|    n_updates            | 2370        |
|    policy_gradient_loss | -0.0144     |
|    value_loss           | 0.000254    |
-----------------------------------------
-----------------------------------------
| rollout/                |             |
|    ep_len_mean          | 4.29e+03    |
|    ep_rew_mean          | -0.173      |
| time/                   |             |
|    fps                  | 4075        |
|    iterations           | 239         |
|    time_elapsed         | 120         |
|    total_timesteps      | 489472      |
| train/                  |             |
|    approx_kl            | 0.022019684 |
|    clip_fraction        | 0.175       |
|    clip_range           | 0.2         |
|    entropy_loss         | -0.733      |
|    explained_variance   | 0.393       |
|    learning_rate        | 0.0003      |
|    loss                 | -0.00829    |
|    n_updates            | 2380        |
|    policy_gradient_loss | -0.0179     |
|    value_loss           | 0.00027     |
-----------------------------------------
-----------------------------------------
| rollout/                |             |
|    ep_len_mean          | 4.29e+03    |
|    ep_rew_mean          | -0.173      |
| time/                   |             |
|    fps                  | 4075        |
|    iterations           | 240         |
|    time_elapsed         | 120         |
|    total_timesteps      | 491520      |
| train/                  |             |
|    approx_kl            | 0.018639024 |
|    clip_fraction        | 0.156       |
|    clip_range           | 0.2         |
|    entropy_loss         | -0.723      |
|    explained_variance   | 0.227       |
|    learning_rate        | 0.0003      |
|    loss                 | -0.0335     |
|    n_updates            | 2390        |
|    policy_gradient_loss | -0.0147     |
|    value_loss           | 0.000248    |
-----------------------------------------
-----------------------------------------
| rollout/                |             |
|    ep_len_mean          | 4.3e+03     |
|    ep_rew_mean          | -0.16       |
| time/                   |             |
|    fps                  | 4075        |
|    iterations           | 241         |
|    time_elapsed         | 121         |
|    total_timesteps      | 493568      |
| train/                  |             |
|    approx_kl            | 0.019049563 |
|    clip_fraction        | 0.159       |
|    clip_range           | 0.2         |
|    entropy_loss         | -0.719      |
|    explained_variance   | 0.422       |
|    learning_rate        | 0.0003      |
|    loss                 | -0.00689    |
|    n_updates            | 2400        |
|    policy_gradient_loss | -0.017      |
|    value_loss           | 0.000251    |
-----------------------------------------
-----------------------------------------
| rollout/                |             |
|    ep_len_mean          | 4.3e+03     |
|    ep_rew_mean          | -0.16       |
| time/                   |             |
|    fps                  | 4075        |
|    iterations           | 242         |
|    time_elapsed         | 121         |
|    total_timesteps      | 495616      |
| train/                  |             |
|    approx_kl            | 0.020532183 |
|    clip_fraction        | 0.155       |
|    clip_range           | 0.2         |
|    entropy_loss         | -0.712      |
|    explained_variance   | 0.381       |
|    learning_rate        | 0.0003      |
|    loss                 | -0.0115     |
|    n_updates            | 2410        |
|    policy_gradient_loss | -0.0124     |
|    value_loss           | 0.000364    |
-----------------------------------------
-----------------------------------------
| rollout/                |             |
|    ep_len_mean          | 4.3e+03     |
|    ep_rew_mean          | -0.16       |
| time/                   |             |
|    fps                  | 4075        |
|    iterations           | 243         |
|    time_elapsed         | 122         |
|    total_timesteps      | 497664      |
| train/                  |             |
|    approx_kl            | 0.024184918 |
|    clip_fraction        | 0.187       |
|    clip_range           | 0.2         |
|    entropy_loss         | -0.742      |
|    explained_variance   | -0.113      |
|    learning_rate        | 0.0003      |
|    loss                 | -0.0257     |
|    n_updates            | 2420        |
|    policy_gradient_loss | -0.0213     |
|    value_loss           | 0.000433    |
-----------------------------------------
----------------------------------------
| rollout/                |            |
|    ep_len_mean          | 4.3e+03    |
|    ep_rew_mean          | -0.148     |
| time/                   |            |
|    fps                  | 4072       |
|    iterations           | 244        |
|    time_elapsed         | 122        |
|    total_timesteps      | 499712     |
| train/                  |            |
|    approx_kl            | 0.01804999 |
|    clip_fraction        | 0.173      |
|    clip_range           | 0.2        |
|    entropy_loss         | -0.72      |
|    explained_variance   | 0.281      |
|    learning_rate        | 0.0003     |
|    loss                 | -0.03      |
|    n_updates            | 2430       |
|    policy_gradient_loss | -0.0181    |
|    value_loss           | 0.000234   |
----------------------------------------
-----------------------------------------
| rollout/                |             |
|    ep_len_mean          | 4.3e+03     |
|    ep_rew_mean          | -0.148      |
| time/                   |             |
|    fps                  | 4072        |
|    iterations           | 245         |
|    time_elapsed         | 123         |
|    total_timesteps      | 501760      |
| train/                  |             |
|    approx_kl            | 0.014957268 |
|    clip_fraction        | 0.15        |
|    clip_range           | 0.2         |
|    entropy_loss         | -0.696      |
|    explained_variance   | 0.492       |
|    learning_rate        | 0.0003      |
|    loss                 | -0.036      |
|    n_updates            | 2440        |
|    policy_gradient_loss | -0.0162     |
|    value_loss           | 0.000354    |
-----------------------------------------
---------------------------------------
| rollout/                |           |
|    ep_len_mean          | 4.3e+03   |
|    ep_rew_mean          | -0.137    |
| time/                   |           |
|    fps                  | 4072      |
|    iterations           | 246       |
|    time_elapsed         | 123       |
|    total_timesteps      | 503808    |
| train/                  |           |
|    approx_kl            | 0.0182722 |
|    clip_fraction        | 0.154     |
|    clip_range           | 0.2       |
|    entropy_loss         | -0.664    |
|    explained_variance   | 0.441     |
|    learning_rate        | 0.0003    |
|    loss                 | -0.0437   |
|    n_updates            | 2450      |
|    policy_gradient_loss | -0.0174   |
|    value_loss           | 0.000319  |
---------------------------------------
-----------------------------------------
| rollout/                |             |
|    ep_len_mean          | 4.3e+03     |
|    ep_rew_mean          | -0.137      |
| time/                   |             |
|    fps                  | 4072        |
|    iterations           | 247         |
|    time_elapsed         | 124         |
|    total_timesteps      | 505856      |
| train/                  |             |
|    approx_kl            | 0.025606537 |
|    clip_fraction        | 0.195       |
|    clip_range           | 0.2         |
|    entropy_loss         | -0.764      |
|    explained_variance   | 0.327       |
|    learning_rate        | 0.0003      |
|    loss                 | -0.0493     |
|    n_updates            | 2460        |
|    policy_gradient_loss | -0.0225     |
|    value_loss           | 0.000395    |
-----------------------------------------
-----------------------------------------
| rollout/                |             |
|    ep_len_mean          | 4.3e+03     |
|    ep_rew_mean          | -0.126      |
| time/                   |             |
|    fps                  | 4072        |
|    iterations           | 248         |
|    time_elapsed         | 124         |
|    total_timesteps      | 507904      |
| train/                  |             |
|    approx_kl            | 0.017324131 |
|    clip_fraction        | 0.169       |
|    clip_range           | 0.2         |
|    entropy_loss         | -0.719      |
|    explained_variance   | 0.357       |
|    learning_rate        | 0.0003      |
|    loss                 | -0.0209     |
|    n_updates            | 2470        |
|    policy_gradient_loss | -0.0165     |
|    value_loss           | 0.000276    |
-----------------------------------------
-----------------------------------------
| rollout/                |             |
|    ep_len_mean          | 4.3e+03     |
|    ep_rew_mean          | -0.126      |
| time/                   |             |
|    fps                  | 4072        |
|    iterations           | 249         |
|    time_elapsed         | 125         |
|    total_timesteps      | 509952      |
| train/                  |             |
|    approx_kl            | 0.020270023 |
|    clip_fraction        | 0.176       |
|    clip_range           | 0.2         |
|    entropy_loss         | -0.723      |
|    explained_variance   | 0.525       |
|    learning_rate        | 0.0003      |
|    loss                 | -0.034      |
|    n_updates            | 2480        |
|    policy_gradient_loss | -0.0177     |
|    value_loss           | 0.00029     |
-----------------------------------------
-----------------------------------------
| rollout/                |             |
|    ep_len_mean          | 4.3e+03     |
|    ep_rew_mean          | -0.121      |
| time/                   |             |
|    fps                  | 4071        |
|    iterations           | 250         |
|    time_elapsed         | 125         |
|    total_timesteps      | 512000      |
| train/                  |             |
|    approx_kl            | 0.016112903 |
|    clip_fraction        | 0.158       |
|    clip_range           | 0.2         |
|    entropy_loss         | -0.769      |
|    explained_variance   | 0.333       |
|    learning_rate        | 0.0003      |
|    loss                 | -0.00643    |
|    n_updates            | 2490        |
|    policy_gradient_loss | -0.0163     |
|    value_loss           | 0.000322    |
-----------------------------------------
-----------------------------------------
| rollout/                |             |
|    ep_len_mean          | 4.3e+03     |
|    ep_rew_mean          | -0.121      |
| time/                   |             |
|    fps                  | 4071        |
|    iterations           | 251         |
|    time_elapsed         | 126         |
|    total_timesteps      | 514048      |
| train/                  |             |
|    approx_kl            | 0.018386595 |
|    clip_fraction        | 0.184       |
|    clip_range           | 0.2         |
|    entropy_loss         | -0.774      |
|    explained_variance   | -0.363      |
|    learning_rate        | 0.0003      |
|    loss                 | -0.00899    |
|    n_updates            | 2500        |
|    policy_gradient_loss | -0.0181     |
|    value_loss           | 0.000238    |
-----------------------------------------
----------------------------------------
| rollout/                |            |
|    ep_len_mean          | 4.3e+03    |
|    ep_rew_mean          | -0.11      |
| time/                   |            |
|    fps                  | 4071       |
|    iterations           | 252        |
|    time_elapsed         | 126        |
|    total_timesteps      | 516096     |
| train/                  |            |
|    approx_kl            | 0.02129162 |
|    clip_fraction        | 0.177      |
|    clip_range           | 0.2        |
|    entropy_loss         | -0.743     |
|    explained_variance   | 0.405      |
|    learning_rate        | 0.0003     |
|    loss                 | -0.0148    |
|    n_updates            | 2510       |
|    policy_gradient_loss | -0.0187    |
|    value_loss           | 0.000209   |
----------------------------------------
-----------------------------------------
| rollout/                |             |
|    ep_len_mean          | 4.3e+03     |
|    ep_rew_mean          | -0.11       |
| time/                   |             |
|    fps                  | 4071        |
|    iterations           | 253         |
|    time_elapsed         | 127         |
|    total_timesteps      | 518144      |
| train/                  |             |
|    approx_kl            | 0.018969834 |
|    clip_fraction        | 0.158       |
|    clip_range           | 0.2         |
|    entropy_loss         | -0.722      |
|    explained_variance   | 0.335       |
|    learning_rate        | 0.0003      |
|    loss                 | -0.0215     |
|    n_updates            | 2520        |
|    policy_gradient_loss | -0.0171     |
|    value_loss           | 0.000316    |
-----------------------------------------
----------------------------------------
| rollout/                |            |
|    ep_len_mean          | 4.3e+03    |
|    ep_rew_mean          | -0.104     |
| time/                   |            |
|    fps                  | 4068       |
|    iterations           | 254        |
|    time_elapsed         | 127        |
|    total_timesteps      | 520192     |
| train/                  |            |
|    approx_kl            | 0.01718113 |
|    clip_fraction        | 0.163      |
|    clip_range           | 0.2        |
|    entropy_loss         | -0.735     |
|    explained_variance   | 0.442      |
|    learning_rate        | 0.0003     |
|    loss                 | -0.0174    |
|    n_updates            | 2530       |
|    policy_gradient_loss | -0.0176    |
|    value_loss           | 0.000266   |
----------------------------------------
-----------------------------------------
| rollout/                |             |
|    ep_len_mean          | 4.3e+03     |
|    ep_rew_mean          | -0.104      |
| time/                   |             |
|    fps                  | 4068        |
|    iterations           | 255         |
|    time_elapsed         | 128         |
|    total_timesteps      | 522240      |
| train/                  |             |
|    approx_kl            | 0.018612415 |
|    clip_fraction        | 0.168       |
|    clip_range           | 0.2         |
|    entropy_loss         | -0.732      |
|    explained_variance   | 0.422       |
|    learning_rate        | 0.0003      |
|    loss                 | -0.00993    |
|    n_updates            | 2540        |
|    policy_gradient_loss | -0.0151     |
|    value_loss           | 0.000332    |
-----------------------------------------
-----------------------------------------
| rollout/                |             |
|    ep_len_mean          | 4.3e+03     |
|    ep_rew_mean          | -0.0973     |
| time/                   |             |
|    fps                  | 4068        |
|    iterations           | 256         |
|    time_elapsed         | 128         |
|    total_timesteps      | 524288      |
| train/                  |             |
|    approx_kl            | 0.020667214 |
|    clip_fraction        | 0.168       |
|    clip_range           | 0.2         |
|    entropy_loss         | -0.706      |
|    explained_variance   | 0.426       |
|    learning_rate        | 0.0003      |
|    loss                 | -0.0326     |
|    n_updates            | 2550        |
|    policy_gradient_loss | -0.0183     |
|    value_loss           | 0.000247    |
-----------------------------------------
-----------------------------------------
| rollout/                |             |
|    ep_len_mean          | 4.3e+03     |
|    ep_rew_mean          | -0.0973     |
| time/                   |             |
|    fps                  | 4068        |
|    iterations           | 257         |
|    time_elapsed         | 129         |
|    total_timesteps      | 526336      |
| train/                  |             |
|    approx_kl            | 0.019872103 |
|    clip_fraction        | 0.157       |
|    clip_range           | 0.2         |
|    entropy_loss         | -0.706      |
|    explained_variance   | 0.496       |
|    learning_rate        | 0.0003      |
|    loss                 | -0.0581     |
|    n_updates            | 2560        |
|    policy_gradient_loss | -0.0176     |
|    value_loss           | 0.000326    |
-----------------------------------------
-----------------------------------------
| rollout/                |             |
|    ep_len_mean          | 4.3e+03     |
|    ep_rew_mean          | -0.0947     |
| time/                   |             |
|    fps                  | 4068        |
|    iterations           | 258         |
|    time_elapsed         | 129         |
|    total_timesteps      | 528384      |
| train/                  |             |
|    approx_kl            | 0.016952874 |
|    clip_fraction        | 0.16        |
|    clip_range           | 0.2         |
|    entropy_loss         | -0.702      |
|    explained_variance   | 0.533       |
|    learning_rate        | 0.0003      |
|    loss                 | 0.0027      |
|    n_updates            | 2570        |
|    policy_gradient_loss | -0.0153     |
|    value_loss           | 0.000364    |
-----------------------------------------
-----------------------------------------
| rollout/                |             |
|    ep_len_mean          | 4.3e+03     |
|    ep_rew_mean          | -0.0947     |
| time/                   |             |
|    fps                  | 4068        |
|    iterations           | 259         |
|    time_elapsed         | 130         |
|    total_timesteps      | 530432      |
| train/                  |             |
|    approx_kl            | 0.020928808 |
|    clip_fraction        | 0.166       |
|    clip_range           | 0.2         |
|    entropy_loss         | -0.752      |
|    explained_variance   | -0.258      |
|    learning_rate        | 0.0003      |
|    loss                 | -0.0359     |
|    n_updates            | 2580        |
|    policy_gradient_loss | -0.0177     |
|    value_loss           | 0.000262    |
-----------------------------------------
----------------------------------------
| rollout/                |            |
|    ep_len_mean          | 4.3e+03    |
|    ep_rew_mean          | -0.0894    |
| time/                   |            |
|    fps                  | 4069       |
|    iterations           | 260        |
|    time_elapsed         | 130        |
|    total_timesteps      | 532480     |
| train/                  |            |
|    approx_kl            | 0.02058444 |
|    clip_fraction        | 0.161      |
|    clip_range           | 0.2        |
|    entropy_loss         | -0.7       |
|    explained_variance   | 0.303      |
|    learning_rate        | 0.0003     |
|    loss                 | -0.00929   |
|    n_updates            | 2590       |
|    policy_gradient_loss | -0.016     |
|    value_loss           | 0.000226   |
----------------------------------------
----------------------------------------
| rollout/                |            |
|    ep_len_mean          | 4.3e+03    |
|    ep_rew_mean          | -0.0894    |
| time/                   |            |
|    fps                  | 4067       |
|    iterations           | 261        |
|    time_elapsed         | 131        |
|    total_timesteps      | 534528     |
| train/                  |            |
|    approx_kl            | 0.02621017 |
|    clip_fraction        | 0.2        |
|    clip_range           | 0.2        |
|    entropy_loss         | -0.783     |
|    explained_variance   | -0.00974   |
|    learning_rate        | 0.0003     |
|    loss                 | -0.0412    |
|    n_updates            | 2600       |
|    policy_gradient_loss | -0.0196    |
|    value_loss           | 0.000276   |
----------------------------------------
-----------------------------------------
| rollout/                |             |
|    ep_len_mean          | 4.3e+03     |
|    ep_rew_mean          | -0.0854     |
| time/                   |             |
|    fps                  | 4067        |
|    iterations           | 262         |
|    time_elapsed         | 131         |
|    total_timesteps      | 536576      |
| train/                  |             |
|    approx_kl            | 0.019749513 |
|    clip_fraction        | 0.185       |
|    clip_range           | 0.2         |
|    entropy_loss         | -0.811      |
|    explained_variance   | 0.0706      |
|    learning_rate        | 0.0003      |
|    loss                 | -0.0222     |
|    n_updates            | 2610        |
|    policy_gradient_loss | -0.0178     |
|    value_loss           | 0.000329    |
-----------------------------------------
---------------------------------------
| rollout/                |           |
|    ep_len_mean          | 4.3e+03   |
|    ep_rew_mean          | -0.0854   |
| time/                   |           |
|    fps                  | 4067      |
|    iterations           | 263       |
|    time_elapsed         | 132       |
|    total_timesteps      | 538624    |
| train/                  |           |
|    approx_kl            | 0.0151854 |
|    clip_fraction        | 0.16      |
|    clip_range           | 0.2       |
|    entropy_loss         | -0.776    |
|    explained_variance   | 0.236     |
|    learning_rate        | 0.0003    |
|    loss                 | -0.0323   |
|    n_updates            | 2620      |
|    policy_gradient_loss | -0.0156   |
|    value_loss           | 0.000248  |
---------------------------------------
-----------------------------------------
| rollout/                |             |
|    ep_len_mean          | 4.3e+03     |
|    ep_rew_mean          | -0.0854     |
| time/                   |             |
|    fps                  | 4067        |
|    iterations           | 264         |
|    time_elapsed         | 132         |
|    total_timesteps      | 540672      |
| train/                  |             |
|    approx_kl            | 0.022663131 |
|    clip_fraction        | 0.176       |
|    clip_range           | 0.2         |
|    entropy_loss         | -0.8        |
|    explained_variance   | 0.358       |
|    learning_rate        | 0.0003      |
|    loss                 | -0.00757    |
|    n_updates            | 2630        |
|    policy_gradient_loss | -0.0155     |
|    value_loss           | 0.000278    |
-----------------------------------------
----------------------------------------
| rollout/                |            |
|    ep_len_mean          | 4.3e+03    |
|    ep_rew_mean          | -0.0815    |
| time/                   |            |
|    fps                  | 4067       |
|    iterations           | 265        |
|    time_elapsed         | 133        |
|    total_timesteps      | 542720     |
| train/                  |            |
|    approx_kl            | 0.01946323 |
|    clip_fraction        | 0.166      |
|    clip_range           | 0.2        |
|    entropy_loss         | -0.751     |
|    explained_variance   | 0.374      |
|    learning_rate        | 0.0003     |
|    loss                 | -0.00759   |
|    n_updates            | 2640       |
|    policy_gradient_loss | -0.0165    |
|    value_loss           | 0.000245   |
----------------------------------------
-----------------------------------------
| rollout/                |             |
|    ep_len_mean          | 4.3e+03     |
|    ep_rew_mean          | -0.0815     |
| time/                   |             |
|    fps                  | 4068        |
|    iterations           | 266         |
|    time_elapsed         | 133         |
|    total_timesteps      | 544768      |
| train/                  |             |
|    approx_kl            | 0.016871814 |
|    clip_fraction        | 0.16        |
|    clip_range           | 0.2         |
|    entropy_loss         | -0.756      |
|    explained_variance   | 0.561       |
|    learning_rate        | 0.0003      |
|    loss                 | -0.0182     |
|    n_updates            | 2650        |
|    policy_gradient_loss | -0.0155     |
|    value_loss           | 0.000275    |
-----------------------------------------
-----------------------------------------
| rollout/                |             |
|    ep_len_mean          | 4.3e+03     |
|    ep_rew_mean          | -0.0813     |
| time/                   |             |
|    fps                  | 4068        |
|    iterations           | 267         |
|    time_elapsed         | 134         |
|    total_timesteps      | 546816      |
| train/                  |             |
|    approx_kl            | 0.018262673 |
|    clip_fraction        | 0.176       |
|    clip_range           | 0.2         |
|    entropy_loss         | -0.798      |
|    explained_variance   | 0.327       |
|    learning_rate        | 0.0003      |
|    loss                 | -0.027      |
|    n_updates            | 2660        |
|    policy_gradient_loss | -0.0165     |
|    value_loss           | 0.000317    |
-----------------------------------------
----------------------------------------
| rollout/                |            |
|    ep_len_mean          | 4.3e+03    |
|    ep_rew_mean          | -0.0813    |
| time/                   |            |
|    fps                  | 4068       |
|    iterations           | 268        |
|    time_elapsed         | 134        |
|    total_timesteps      | 548864     |
| train/                  |            |
|    approx_kl            | 0.01858408 |
|    clip_fraction        | 0.181      |
|    clip_range           | 0.2        |
|    entropy_loss         | -0.813     |
|    explained_variance   | -0.211     |
|    learning_rate        | 0.0003     |
|    loss                 | -0.0461    |
|    n_updates            | 2670       |
|    policy_gradient_loss | -0.0218    |
|    value_loss           | 0.000269   |
----------------------------------------
----------------------------------------
| rollout/                |            |
|    ep_len_mean          | 4.3e+03    |
|    ep_rew_mean          | -0.078     |
| time/                   |            |
|    fps                  | 4068       |
|    iterations           | 269        |
|    time_elapsed         | 135        |
|    total_timesteps      | 550912     |
| train/                  |            |
|    approx_kl            | 0.01672138 |
|    clip_fraction        | 0.151      |
|    clip_range           | 0.2        |
|    entropy_loss         | -0.798     |
|    explained_variance   | 0.404      |
|    learning_rate        | 0.0003     |
|    loss                 | -0.00458   |
|    n_updates            | 2680       |
|    policy_gradient_loss | -0.019     |
|    value_loss           | 0.000193   |
----------------------------------------
-----------------------------------------
| rollout/                |             |
|    ep_len_mean          | 4.3e+03     |
|    ep_rew_mean          | -0.078      |
| time/                   |             |
|    fps                  | 4068        |
|    iterations           | 270         |
|    time_elapsed         | 135         |
|    total_timesteps      | 552960      |
| train/                  |             |
|    approx_kl            | 0.020307835 |
|    clip_fraction        | 0.193       |
|    clip_range           | 0.2         |
|    entropy_loss         | -0.755      |
|    explained_variance   | 0.495       |
|    learning_rate        | 0.0003      |
|    loss                 | -0.0418     |
|    n_updates            | 2690        |
|    policy_gradient_loss | -0.0194     |
|    value_loss           | 0.000251    |
-----------------------------------------
-----------------------------------------
| rollout/                |             |
|    ep_len_mean          | 4.3e+03     |
|    ep_rew_mean          | -0.0728     |
| time/                   |             |
|    fps                  | 4068        |
|    iterations           | 271         |
|    time_elapsed         | 136         |
|    total_timesteps      | 555008      |
| train/                  |             |
|    approx_kl            | 0.016975887 |
|    clip_fraction        | 0.157       |
|    clip_range           | 0.2         |
|    entropy_loss         | -0.746      |
|    explained_variance   | 0.399       |
|    learning_rate        | 0.0003      |
|    loss                 | -0.0189     |
|    n_updates            | 2700        |
|    policy_gradient_loss | -0.0147     |
|    value_loss           | 0.000357    |
-----------------------------------------
----------------------------------------
| rollout/                |            |
|    ep_len_mean          | 4.3e+03    |
|    ep_rew_mean          | -0.0728    |
| time/                   |            |
|    fps                  | 4069       |
|    iterations           | 272        |
|    time_elapsed         | 136        |
|    total_timesteps      | 557056     |
| train/                  |            |
|    approx_kl            | 0.01919284 |
|    clip_fraction        | 0.182      |
|    clip_range           | 0.2        |
|    entropy_loss         | -0.804     |
|    explained_variance   | -0.283     |
|    learning_rate        | 0.0003     |
|    loss                 | -0.0158    |
|    n_updates            | 2710       |
|    policy_gradient_loss | -0.0202    |
|    value_loss           | 0.000202   |
----------------------------------------
-----------------------------------------
| rollout/                |             |
|    ep_len_mean          | 4.3e+03     |
|    ep_rew_mean          | -0.0726     |
| time/                   |             |
|    fps                  | 4069        |
|    iterations           | 273         |
|    time_elapsed         | 137         |
|    total_timesteps      | 559104      |
| train/                  |             |
|    approx_kl            | 0.019091193 |
|    clip_fraction        | 0.187       |
|    clip_range           | 0.2         |
|    entropy_loss         | -0.763      |
|    explained_variance   | 0.426       |
|    learning_rate        | 0.0003      |
|    loss                 | -0.0385     |
|    n_updates            | 2720        |
|    policy_gradient_loss | -0.0196     |
|    value_loss           | 0.000207    |
-----------------------------------------
-----------------------------------------
| rollout/                |             |
|    ep_len_mean          | 4.3e+03     |
|    ep_rew_mean          | -0.0726     |
| time/                   |             |
|    fps                  | 4069        |
|    iterations           | 274         |
|    time_elapsed         | 137         |
|    total_timesteps      | 561152      |
| train/                  |             |
|    approx_kl            | 0.021198735 |
|    clip_fraction        | 0.183       |
|    clip_range           | 0.2         |
|    entropy_loss         | -0.751      |
|    explained_variance   | 0.541       |
|    learning_rate        | 0.0003      |
|    loss                 | 0.0391      |
|    n_updates            | 2730        |
|    policy_gradient_loss | -0.0174     |
|    value_loss           | 0.000288    |
-----------------------------------------
-----------------------------------------
| rollout/                |             |
|    ep_len_mean          | 4.3e+03     |
|    ep_rew_mean          | -0.0762     |
| time/                   |             |
|    fps                  | 4069        |
|    iterations           | 275         |
|    time_elapsed         | 138         |
|    total_timesteps      | 563200      |
| train/                  |             |
|    approx_kl            | 0.019087546 |
|    clip_fraction        | 0.162       |
|    clip_range           | 0.2         |
|    entropy_loss         | -0.752      |
|    explained_variance   | 0.516       |
|    learning_rate        | 0.0003      |
|    loss                 | -0.0025     |
|    n_updates            | 2740        |
|    policy_gradient_loss | -0.0149     |
|    value_loss           | 0.000359    |
-----------------------------------------
-----------------------------------------
| rollout/                |             |
|    ep_len_mean          | 4.3e+03     |
|    ep_rew_mean          | -0.0762     |
| time/                   |             |
|    fps                  | 4069        |
|    iterations           | 276         |
|    time_elapsed         | 138         |
|    total_timesteps      | 565248      |
| train/                  |             |
|    approx_kl            | 0.017936729 |
|    clip_fraction        | 0.16        |
|    clip_range           | 0.2         |
|    entropy_loss         | -0.764      |
|    explained_variance   | -0.174      |
|    learning_rate        | 0.0003      |
|    loss                 | -0.0477     |
|    n_updates            | 2750        |
|    policy_gradient_loss | -0.0167     |
|    value_loss           | 0.000314    |
-----------------------------------------
-----------------------------------------
| rollout/                |             |
|    ep_len_mean          | 4.3e+03     |
|    ep_rew_mean          | -0.0758     |
| time/                   |             |
|    fps                  | 4069        |
|    iterations           | 277         |
|    time_elapsed         | 139         |
|    total_timesteps      | 567296      |
| train/                  |             |
|    approx_kl            | 0.018628152 |
|    clip_fraction        | 0.17        |
|    clip_range           | 0.2         |
|    entropy_loss         | -0.738      |
|    explained_variance   | 0.399       |
|    learning_rate        | 0.0003      |
|    loss                 | -0.0329     |
|    n_updates            | 2760        |
|    policy_gradient_loss | -0.0183     |
|    value_loss           | 0.000244    |
-----------------------------------------
-----------------------------------------
| rollout/                |             |
|    ep_len_mean          | 4.3e+03     |
|    ep_rew_mean          | -0.0758     |
| time/                   |             |
|    fps                  | 4069        |
|    iterations           | 278         |
|    time_elapsed         | 139         |
|    total_timesteps      | 569344      |
| train/                  |             |
|    approx_kl            | 0.022121392 |
|    clip_fraction        | 0.186       |
|    clip_range           | 0.2         |
|    entropy_loss         | -0.751      |
|    explained_variance   | 0.395       |
|    learning_rate        | 0.0003      |
|    loss                 | 0.0086      |
|    n_updates            | 2770        |
|    policy_gradient_loss | -0.0207     |
|    value_loss           | 0.000356    |
-----------------------------------------
-----------------------------------------
| rollout/                |             |
|    ep_len_mean          | 4.3e+03     |
|    ep_rew_mean          | -0.0777     |
| time/                   |             |
|    fps                  | 4069        |
|    iterations           | 279         |
|    time_elapsed         | 140         |
|    total_timesteps      | 571392      |
| train/                  |             |
|    approx_kl            | 0.020378517 |
|    clip_fraction        | 0.168       |
|    clip_range           | 0.2         |
|    entropy_loss         | -0.737      |
|    explained_variance   | 0.438       |
|    learning_rate        | 0.0003      |
|    loss                 | -0.0147     |
|    n_updates            | 2780        |
|    policy_gradient_loss | -0.0168     |
|    value_loss           | 0.000245    |
-----------------------------------------
-----------------------------------------
| rollout/                |             |
|    ep_len_mean          | 4.3e+03     |
|    ep_rew_mean          | -0.0777     |
| time/                   |             |
|    fps                  | 4070        |
|    iterations           | 280         |
|    time_elapsed         | 140         |
|    total_timesteps      | 573440      |
| train/                  |             |
|    approx_kl            | 0.020033117 |
|    clip_fraction        | 0.164       |
|    clip_range           | 0.2         |
|    entropy_loss         | -0.741      |
|    explained_variance   | 0.39        |
|    learning_rate        | 0.0003      |
|    loss                 | -0.0195     |
|    n_updates            | 2790        |
|    policy_gradient_loss | -0.0175     |
|    value_loss           | 0.000371    |
-----------------------------------------
----------------------------------------
| rollout/                |            |
|    ep_len_mean          | 4.3e+03    |
|    ep_rew_mean          | -0.0808    |
| time/                   |            |
|    fps                  | 4070       |
|    iterations           | 281        |
|    time_elapsed         | 141        |
|    total_timesteps      | 575488     |
| train/                  |            |
|    approx_kl            | 0.02116016 |
|    clip_fraction        | 0.177      |
|    clip_range           | 0.2        |
|    entropy_loss         | -0.708     |
|    explained_variance   | 0.51       |
|    learning_rate        | 0.0003     |
|    loss                 | 0.0194     |
|    n_updates            | 2800       |
|    policy_gradient_loss | -0.019     |
|    value_loss           | 0.000288   |
----------------------------------------
-----------------------------------------
| rollout/                |             |
|    ep_len_mean          | 4.3e+03     |
|    ep_rew_mean          | -0.0808     |
| time/                   |             |
|    fps                  | 4067        |
|    iterations           | 282         |
|    time_elapsed         | 142         |
|    total_timesteps      | 577536      |
| train/                  |             |
|    approx_kl            | 0.016564272 |
|    clip_fraction        | 0.156       |
|    clip_range           | 0.2         |
|    entropy_loss         | -0.729      |
|    explained_variance   | 0.111       |
|    learning_rate        | 0.0003      |
|    loss                 | -0.0334     |
|    n_updates            | 2810        |
|    policy_gradient_loss | -0.0139     |
|    value_loss           | 0.000376    |
-----------------------------------------
----------------------------------------
| rollout/                |            |
|    ep_len_mean          | 4.3e+03    |
|    ep_rew_mean          | -0.0803    |
| time/                   |            |
|    fps                  | 4067       |
|    iterations           | 283        |
|    time_elapsed         | 142        |
|    total_timesteps      | 579584     |
| train/                  |            |
|    approx_kl            | 0.01679298 |
|    clip_fraction        | 0.158      |
|    clip_range           | 0.2        |
|    entropy_loss         | -0.752     |
|    explained_variance   | 0.166      |
|    learning_rate        | 0.0003     |
|    loss                 | -0.00353   |
|    n_updates            | 2820       |
|    policy_gradient_loss | -0.0158    |
|    value_loss           | 0.000325   |
----------------------------------------
-----------------------------------------
| rollout/                |             |
|    ep_len_mean          | 4.3e+03     |
|    ep_rew_mean          | -0.0803     |
| time/                   |             |
|    fps                  | 4067        |
|    iterations           | 284         |
|    time_elapsed         | 143         |
|    total_timesteps      | 581632      |
| train/                  |             |
|    approx_kl            | 0.018212918 |
|    clip_fraction        | 0.169       |
|    clip_range           | 0.2         |
|    entropy_loss         | -0.68       |
|    explained_variance   | 0.381       |
|    learning_rate        | 0.0003      |
|    loss                 | -0.014      |
|    n_updates            | 2830        |
|    policy_gradient_loss | -0.0178     |
|    value_loss           | 0.00022     |
-----------------------------------------
-----------------------------------------
| rollout/                |             |
|    ep_len_mean          | 4.3e+03     |
|    ep_rew_mean          | -0.0803     |
| time/                   |             |
|    fps                  | 4067        |
|    iterations           | 285         |
|    time_elapsed         | 143         |
|    total_timesteps      | 583680      |
| train/                  |             |
|    approx_kl            | 0.016471485 |
|    clip_fraction        | 0.167       |
|    clip_range           | 0.2         |
|    entropy_loss         | -0.722      |
|    explained_variance   | 0.525       |
|    learning_rate        | 0.0003      |
|    loss                 | -0.0177     |
|    n_updates            | 2840        |
|    policy_gradient_loss | -0.0139     |
|    value_loss           | 0.000246    |
-----------------------------------------
-----------------------------------------
| rollout/                |             |
|    ep_len_mean          | 4.3e+03     |
|    ep_rew_mean          | -0.083      |
| time/                   |             |
|    fps                  | 4067        |
|    iterations           | 286         |
|    time_elapsed         | 143         |
|    total_timesteps      | 585728      |
| train/                  |             |
|    approx_kl            | 0.020561298 |
|    clip_fraction        | 0.177       |
|    clip_range           | 0.2         |
|    entropy_loss         | -0.681      |
|    explained_variance   | 0.302       |
|    learning_rate        | 0.0003      |
|    loss                 | -0.0268     |
|    n_updates            | 2850        |
|    policy_gradient_loss | -0.0179     |
|    value_loss           | 0.000283    |
-----------------------------------------
-----------------------------------------
| rollout/                |             |
|    ep_len_mean          | 4.3e+03     |
|    ep_rew_mean          | -0.083      |
| time/                   |             |
|    fps                  | 4067        |
|    iterations           | 287         |
|    time_elapsed         | 144         |
|    total_timesteps      | 587776      |
| train/                  |             |
|    approx_kl            | 0.016777935 |
|    clip_fraction        | 0.172       |
|    clip_range           | 0.2         |
|    entropy_loss         | -0.704      |
|    explained_variance   | 0.456       |
|    learning_rate        | 0.0003      |
|    loss                 | -0.00605    |
|    n_updates            | 2860        |
|    policy_gradient_loss | -0.0157     |
|    value_loss           | 0.000246    |
-----------------------------------------
-----------------------------------------
| rollout/                |             |
|    ep_len_mean          | 4.3e+03     |
|    ep_rew_mean          | -0.0795     |
| time/                   |             |
|    fps                  | 4067        |
|    iterations           | 288         |
|    time_elapsed         | 144         |
|    total_timesteps      | 589824      |
| train/                  |             |
|    approx_kl            | 0.018089717 |
|    clip_fraction        | 0.154       |
|    clip_range           | 0.2         |
|    entropy_loss         | -0.679      |
|    explained_variance   | 0.284       |
|    learning_rate        | 0.0003      |
|    loss                 | -0.0145     |
|    n_updates            | 2870        |
|    policy_gradient_loss | -0.0135     |
|    value_loss           | 0.000243    |
-----------------------------------------
-----------------------------------------
| rollout/                |             |
|    ep_len_mean          | 4.3e+03     |
|    ep_rew_mean          | -0.0795     |
| time/                   |             |
|    fps                  | 4067        |
|    iterations           | 289         |
|    time_elapsed         | 145         |
|    total_timesteps      | 591872      |
| train/                  |             |
|    approx_kl            | 0.022165261 |
|    clip_fraction        | 0.161       |
|    clip_range           | 0.2         |
|    entropy_loss         | -0.696      |
|    explained_variance   | 0.459       |
|    learning_rate        | 0.0003      |
|    loss                 | -0.0231     |
|    n_updates            | 2880        |
|    policy_gradient_loss | -0.0156     |
|    value_loss           | 0.000212    |
-----------------------------------------
-----------------------------------------
| rollout/                |             |
|    ep_len_mean          | 4.3e+03     |
|    ep_rew_mean          | -0.0815     |
| time/                   |             |
|    fps                  | 4068        |
|    iterations           | 290         |
|    time_elapsed         | 145         |
|    total_timesteps      | 593920      |
| train/                  |             |
|    approx_kl            | 0.017100219 |
|    clip_fraction        | 0.156       |
|    clip_range           | 0.2         |
|    entropy_loss         | -0.665      |
|    explained_variance   | 0.344       |
|    learning_rate        | 0.0003      |
|    loss                 | -0.0191     |
|    n_updates            | 2890        |
|    policy_gradient_loss | -0.0139     |
|    value_loss           | 0.000279    |
-----------------------------------------
-----------------------------------------
| rollout/                |             |
|    ep_len_mean          | 4.3e+03     |
|    ep_rew_mean          | -0.0815     |
| time/                   |             |
|    fps                  | 4068        |
|    iterations           | 291         |
|    time_elapsed         | 146         |
|    total_timesteps      | 595968      |
| train/                  |             |
|    approx_kl            | 0.019922944 |
|    clip_fraction        | 0.167       |
|    clip_range           | 0.2         |
|    entropy_loss         | -0.653      |
|    explained_variance   | 0.371       |
|    learning_rate        | 0.0003      |
|    loss                 | -0.0388     |
|    n_updates            | 2900        |
|    policy_gradient_loss | -0.018      |
|    value_loss           | 0.000221    |
-----------------------------------------
-----------------------------------------
| rollout/                |             |
|    ep_len_mean          | 4.3e+03     |
|    ep_rew_mean          | -0.0746     |
| time/                   |             |
|    fps                  | 4068        |
|    iterations           | 292         |
|    time_elapsed         | 146         |
|    total_timesteps      | 598016      |
| train/                  |             |
|    approx_kl            | 0.022650113 |
|    clip_fraction        | 0.153       |
|    clip_range           | 0.2         |
|    entropy_loss         | -0.669      |
|    explained_variance   | 0.291       |
|    learning_rate        | 0.0003      |
|    loss                 | -0.036      |
|    n_updates            | 2910        |
|    policy_gradient_loss | -0.0158     |
|    value_loss           | 0.000266    |
-----------------------------------------
-----------------------------------------
| rollout/                |             |
|    ep_len_mean          | 4.3e+03     |
|    ep_rew_mean          | -0.0746     |
| time/                   |             |
|    fps                  | 4068        |
|    iterations           | 293         |
|    time_elapsed         | 147         |
|    total_timesteps      | 600064      |
| train/                  |             |
|    approx_kl            | 0.016962146 |
|    clip_fraction        | 0.156       |
|    clip_range           | 0.2         |
|    entropy_loss         | -0.72       |
|    explained_variance   | 0.249       |
|    learning_rate        | 0.0003      |
|    loss                 | -0.0196     |
|    n_updates            | 2920        |
|    policy_gradient_loss | -0.0148     |
|    value_loss           | 0.000203    |
-----------------------------------------
-----------------------------------------
| rollout/                |             |
|    ep_len_mean          | 4.3e+03     |
|    ep_rew_mean          | -0.0688     |
| time/                   |             |
|    fps                  | 4068        |
|    iterations           | 294         |
|    time_elapsed         | 147         |
|    total_timesteps      | 602112      |
| train/                  |             |
|    approx_kl            | 0.024319526 |
|    clip_fraction        | 0.172       |
|    clip_range           | 0.2         |
|    entropy_loss         | -0.635      |
|    explained_variance   | 0.304       |
|    learning_rate        | 0.0003      |
|    loss                 | -0.0423     |
|    n_updates            | 2930        |
|    policy_gradient_loss | -0.0179     |
|    value_loss           | 0.000228    |
-----------------------------------------
-----------------------------------------
| rollout/                |             |
|    ep_len_mean          | 4.3e+03     |
|    ep_rew_mean          | -0.0688     |
| time/                   |             |
|    fps                  | 4069        |
|    iterations           | 295         |
|    time_elapsed         | 148         |
|    total_timesteps      | 604160      |
| train/                  |             |
|    approx_kl            | 0.028876152 |
|    clip_fraction        | 0.202       |
|    clip_range           | 0.2         |
|    entropy_loss         | -0.695      |
|    explained_variance   | 0.19        |
|    learning_rate        | 0.0003      |
|    loss                 | -0.0591     |
|    n_updates            | 2940        |
|    policy_gradient_loss | -0.019      |
|    value_loss           | 0.000288    |
-----------------------------------------
-----------------------------------------
| rollout/                |             |
|    ep_len_mean          | 4.3e+03     |
|    ep_rew_mean          | -0.0635     |
| time/                   |             |
|    fps                  | 4069        |
|    iterations           | 296         |
|    time_elapsed         | 148         |
|    total_timesteps      | 606208      |
| train/                  |             |
|    approx_kl            | 0.019601334 |
|    clip_fraction        | 0.182       |
|    clip_range           | 0.2         |
|    entropy_loss         | -0.661      |
|    explained_variance   | 0.368       |
|    learning_rate        | 0.0003      |
|    loss                 | -0.0376     |
|    n_updates            | 2950        |
|    policy_gradient_loss | -0.0185     |
|    value_loss           | 0.000194    |
-----------------------------------------
----------------------------------------
| rollout/                |            |
|    ep_len_mean          | 4.3e+03    |
|    ep_rew_mean          | -0.0635    |
| time/                   |            |
|    fps                  | 4069       |
|    iterations           | 297        |
|    time_elapsed         | 149        |
|    total_timesteps      | 608256     |
| train/                  |            |
|    approx_kl            | 0.02301644 |
|    clip_fraction        | 0.173      |
|    clip_range           | 0.2        |
|    entropy_loss         | -0.737     |
|    explained_variance   | 0.397      |
|    learning_rate        | 0.0003     |
|    loss                 | -0.0181    |
|    n_updates            | 2960       |
|    policy_gradient_loss | -0.0173    |
|    value_loss           | 0.000286   |
----------------------------------------
-----------------------------------------
| rollout/                |             |
|    ep_len_mean          | 4.3e+03     |
|    ep_rew_mean          | -0.0558     |
| time/                   |             |
|    fps                  | 4069        |
|    iterations           | 298         |
|    time_elapsed         | 149         |
|    total_timesteps      | 610304      |
| train/                  |             |
|    approx_kl            | 0.019099114 |
|    clip_fraction        | 0.155       |
|    clip_range           | 0.2         |
|    entropy_loss         | -0.676      |
|    explained_variance   | 0.425       |
|    learning_rate        | 0.0003      |
|    loss                 | -0.043      |
|    n_updates            | 2970        |
|    policy_gradient_loss | -0.0161     |
|    value_loss           | 0.000227    |
-----------------------------------------
----------------------------------------
| rollout/                |            |
|    ep_len_mean          | 4.3e+03    |
|    ep_rew_mean          | -0.0558    |
| time/                   |            |
|    fps                  | 4069       |
|    iterations           | 299        |
|    time_elapsed         | 150        |
|    total_timesteps      | 612352     |
| train/                  |            |
|    approx_kl            | 0.02193356 |
|    clip_fraction        | 0.176      |
|    clip_range           | 0.2        |
|    entropy_loss         | -0.695     |
|    explained_variance   | 0.409      |
|    learning_rate        | 0.0003     |
|    loss                 | -0.00987   |
|    n_updates            | 2980       |
|    policy_gradient_loss | -0.0168    |
|    value_loss           | 0.000411   |
----------------------------------------
-----------------------------------------
| rollout/                |             |
|    ep_len_mean          | 4.3e+03     |
|    ep_rew_mean          | -0.053      |
| time/                   |             |
|    fps                  | 4069        |
|    iterations           | 300         |
|    time_elapsed         | 150         |
|    total_timesteps      | 614400      |
| train/                  |             |
|    approx_kl            | 0.020265348 |
|    clip_fraction        | 0.162       |
|    clip_range           | 0.2         |
|    entropy_loss         | -0.694      |
|    explained_variance   | 0.401       |
|    learning_rate        | 0.0003      |
|    loss                 | -0.0521     |
|    n_updates            | 2990        |
|    policy_gradient_loss | -0.0154     |
|    value_loss           | 0.000209    |
-----------------------------------------
-----------------------------------------
| rollout/                |             |
|    ep_len_mean          | 4.3e+03     |
|    ep_rew_mean          | -0.053      |
| time/                   |             |
|    fps                  | 4069        |
|    iterations           | 301         |
|    time_elapsed         | 151         |
|    total_timesteps      | 616448      |
| train/                  |             |
|    approx_kl            | 0.017983083 |
|    clip_fraction        | 0.152       |
|    clip_range           | 0.2         |
|    entropy_loss         | -0.657      |
|    explained_variance   | 0.471       |
|    learning_rate        | 0.0003      |
|    loss                 | -1.42e-05   |
|    n_updates            | 3000        |
|    policy_gradient_loss | -0.0138     |
|    value_loss           | 0.000325    |
-----------------------------------------
-----------------------------------------
| rollout/                |             |
|    ep_len_mean          | 4.3e+03     |
|    ep_rew_mean          | -0.0531     |
| time/                   |             |
|    fps                  | 4069        |
|    iterations           | 302         |
|    time_elapsed         | 151         |
|    total_timesteps      | 618496      |
| train/                  |             |
|    approx_kl            | 0.021342827 |
|    clip_fraction        | 0.158       |
|    clip_range           | 0.2         |
|    entropy_loss         | -0.63       |
|    explained_variance   | 0.575       |
|    learning_rate        | 0.0003      |
|    loss                 | -0.0199     |
|    n_updates            | 3010        |
|    policy_gradient_loss | -0.0168     |
|    value_loss           | 0.000324    |
-----------------------------------------
-----------------------------------------
| rollout/                |             |
|    ep_len_mean          | 4.3e+03     |
|    ep_rew_mean          | -0.0531     |
| time/                   |             |
|    fps                  | 4070        |
|    iterations           | 303         |
|    time_elapsed         | 152         |
|    total_timesteps      | 620544      |
| train/                  |             |
|    approx_kl            | 0.014176413 |
|    clip_fraction        | 0.147       |
|    clip_range           | 0.2         |
|    entropy_loss         | -0.661      |
|    explained_variance   | 0.0453      |
|    learning_rate        | 0.0003      |
|    loss                 | -0.012      |
|    n_updates            | 3020        |
|    policy_gradient_loss | -0.0124     |
|    value_loss           | 0.000237    |
-----------------------------------------
-----------------------------------------
| rollout/                |             |
|    ep_len_mean          | 4.3e+03     |
|    ep_rew_mean          | -0.0449     |
| time/                   |             |
|    fps                  | 4070        |
|    iterations           | 304         |
|    time_elapsed         | 152         |
|    total_timesteps      | 622592      |
| train/                  |             |
|    approx_kl            | 0.019586783 |
|    clip_fraction        | 0.165       |
|    clip_range           | 0.2         |
|    entropy_loss         | -0.71       |
|    explained_variance   | 0.449       |
|    learning_rate        | 0.0003      |
|    loss                 | -0.0257     |
|    n_updates            | 3030        |
|    policy_gradient_loss | -0.0177     |
|    value_loss           | 0.000243    |
-----------------------------------------
-----------------------------------------
| rollout/                |             |
|    ep_len_mean          | 4.3e+03     |
|    ep_rew_mean          | -0.0449     |
| time/                   |             |
|    fps                  | 4070        |
|    iterations           | 305         |
|    time_elapsed         | 153         |
|    total_timesteps      | 624640      |
| train/                  |             |
|    approx_kl            | 0.017914169 |
|    clip_fraction        | 0.143       |
|    clip_range           | 0.2         |
|    entropy_loss         | -0.649      |
|    explained_variance   | 0.302       |
|    learning_rate        | 0.0003      |
|    loss                 | 0.027       |
|    n_updates            | 3040        |
|    policy_gradient_loss | -0.014      |
|    value_loss           | 0.00021     |
-----------------------------------------
-----------------------------------------
| rollout/                |             |
|    ep_len_mean          | 4.3e+03     |
|    ep_rew_mean          | -0.0449     |
| time/                   |             |
|    fps                  | 4070        |
|    iterations           | 306         |
|    time_elapsed         | 153         |
|    total_timesteps      | 626688      |
| train/                  |             |
|    approx_kl            | 0.022782166 |
|    clip_fraction        | 0.18        |
|    clip_range           | 0.2         |
|    entropy_loss         | -0.712      |
|    explained_variance   | 0.146       |
|    learning_rate        | 0.0003      |
|    loss                 | -0.012      |
|    n_updates            | 3050        |
|    policy_gradient_loss | -0.0175     |
|    value_loss           | 0.000255    |
-----------------------------------------
-----------------------------------------
| rollout/                |             |
|    ep_len_mean          | 4.3e+03     |
|    ep_rew_mean          | -0.0424     |
| time/                   |             |
|    fps                  | 4070        |
|    iterations           | 307         |
|    time_elapsed         | 154         |
|    total_timesteps      | 628736      |
| train/                  |             |
|    approx_kl            | 0.022522684 |
|    clip_fraction        | 0.197       |
|    clip_range           | 0.2         |
|    entropy_loss         | -0.68       |
|    explained_variance   | 0.331       |
|    learning_rate        | 0.0003      |
|    loss                 | -0.0409     |
|    n_updates            | 3060        |
|    policy_gradient_loss | -0.0198     |
|    value_loss           | 0.000219    |
-----------------------------------------
-----------------------------------------
| rollout/                |             |
|    ep_len_mean          | 4.3e+03     |
|    ep_rew_mean          | -0.0424     |
| time/                   |             |
|    fps                  | 4070        |
|    iterations           | 308         |
|    time_elapsed         | 154         |
|    total_timesteps      | 630784      |
| train/                  |             |
|    approx_kl            | 0.023192327 |
|    clip_fraction        | 0.173       |
|    clip_range           | 0.2         |
|    entropy_loss         | -0.717      |
|    explained_variance   | 0.418       |
|    learning_rate        | 0.0003      |
|    loss                 | -0.0462     |
|    n_updates            | 3070        |
|    policy_gradient_loss | -0.0216     |
|    value_loss           | 0.000287    |
-----------------------------------------
-----------------------------------------
| rollout/                |             |
|    ep_len_mean          | 4.3e+03     |
|    ep_rew_mean          | -0.0426     |
| time/                   |             |
|    fps                  | 4071        |
|    iterations           | 309         |
|    time_elapsed         | 155         |
|    total_timesteps      | 632832      |
| train/                  |             |
|    approx_kl            | 0.016807929 |
|    clip_fraction        | 0.15        |
|    clip_range           | 0.2         |
|    entropy_loss         | -0.637      |
|    explained_variance   | 0.334       |
|    learning_rate        | 0.0003      |
|    loss                 | -0.0179     |
|    n_updates            | 3080        |
|    policy_gradient_loss | -0.015      |
|    value_loss           | 0.000248    |
-----------------------------------------
-----------------------------------------
| rollout/                |             |
|    ep_len_mean          | 4.3e+03     |
|    ep_rew_mean          | -0.0426     |
| time/                   |             |
|    fps                  | 4070        |
|    iterations           | 310         |
|    time_elapsed         | 155         |
|    total_timesteps      | 634880      |
| train/                  |             |
|    approx_kl            | 0.020480523 |
|    clip_fraction        | 0.184       |
|    clip_range           | 0.2         |
|    entropy_loss         | -0.736      |
|    explained_variance   | -0.00948    |
|    learning_rate        | 0.0003      |
|    loss                 | -0.0271     |
|    n_updates            | 3090        |
|    policy_gradient_loss | -0.0183     |
|    value_loss           | 0.000367    |
-----------------------------------------
-----------------------------------------
| rollout/                |             |
|    ep_len_mean          | 4.3e+03     |
|    ep_rew_mean          | -0.0457     |
| time/                   |             |
|    fps                  | 4071        |
|    iterations           | 311         |
|    time_elapsed         | 156         |
|    total_timesteps      | 636928      |
| train/                  |             |
|    approx_kl            | 0.018347476 |
|    clip_fraction        | 0.154       |
|    clip_range           | 0.2         |
|    entropy_loss         | -0.718      |
|    explained_variance   | 0.406       |
|    learning_rate        | 0.0003      |
|    loss                 | -0.0449     |
|    n_updates            | 3100        |
|    policy_gradient_loss | -0.0142     |
|    value_loss           | 0.000264    |
-----------------------------------------
---------------------------------------
| rollout/                |           |
|    ep_len_mean          | 4.3e+03   |
|    ep_rew_mean          | -0.0457   |
| time/                   |           |
|    fps                  | 4071      |
|    iterations           | 312       |
|    time_elapsed         | 156       |
|    total_timesteps      | 638976    |
| train/                  |           |
|    approx_kl            | 0.0223151 |
|    clip_fraction        | 0.172     |
|    clip_range           | 0.2       |
|    entropy_loss         | -0.682    |
|    explained_variance   | 0.169     |
|    learning_rate        | 0.0003    |
|    loss                 | -0.0441   |
|    n_updates            | 3110      |
|    policy_gradient_loss | -0.0167   |
|    value_loss           | 0.000386  |
---------------------------------------
-----------------------------------------
| rollout/                |             |
|    ep_len_mean          | 4.3e+03     |
|    ep_rew_mean          | -0.0403     |
| time/                   |             |
|    fps                  | 4071        |
|    iterations           | 313         |
|    time_elapsed         | 157         |
|    total_timesteps      | 641024      |
| train/                  |             |
|    approx_kl            | 0.017752334 |
|    clip_fraction        | 0.168       |
|    clip_range           | 0.2         |
|    entropy_loss         | -0.708      |
|    explained_variance   | 0.462       |
|    learning_rate        | 0.0003      |
|    loss                 | -0.038      |
|    n_updates            | 3120        |
|    policy_gradient_loss | -0.0151     |
|    value_loss           | 0.00022     |
-----------------------------------------
-----------------------------------------
| rollout/                |             |
|    ep_len_mean          | 4.3e+03     |
|    ep_rew_mean          | -0.0403     |
| time/                   |             |
|    fps                  | 4071        |
|    iterations           | 314         |
|    time_elapsed         | 157         |
|    total_timesteps      | 643072      |
| train/                  |             |
|    approx_kl            | 0.022230864 |
|    clip_fraction        | 0.172       |
|    clip_range           | 0.2         |
|    entropy_loss         | -0.693      |
|    explained_variance   | 0.214       |
|    learning_rate        | 0.0003      |
|    loss                 | -0.0434     |
|    n_updates            | 3130        |
|    policy_gradient_loss | -0.0161     |
|    value_loss           | 0.000359    |
-----------------------------------------
-----------------------------------------
| rollout/                |             |
|    ep_len_mean          | 4.3e+03     |
|    ep_rew_mean          | -0.0418     |
| time/                   |             |
|    fps                  | 4071        |
|    iterations           | 315         |
|    time_elapsed         | 158         |
|    total_timesteps      | 645120      |
| train/                  |             |
|    approx_kl            | 0.019372078 |
|    clip_fraction        | 0.164       |
|    clip_range           | 0.2         |
|    entropy_loss         | -0.738      |
|    explained_variance   | 0.458       |
|    learning_rate        | 0.0003      |
|    loss                 | -0.0343     |
|    n_updates            | 3140        |
|    policy_gradient_loss | -0.0196     |
|    value_loss           | 0.000256    |
-----------------------------------------
-----------------------------------------
| rollout/                |             |
|    ep_len_mean          | 4.3e+03     |
|    ep_rew_mean          | -0.0418     |
| time/                   |             |
|    fps                  | 4071        |
|    iterations           | 316         |
|    time_elapsed         | 158         |
|    total_timesteps      | 647168      |
| train/                  |             |
|    approx_kl            | 0.022813069 |
|    clip_fraction        | 0.179       |
|    clip_range           | 0.2         |
|    entropy_loss         | -0.667      |
|    explained_variance   | 0.548       |
|    learning_rate        | 0.0003      |
|    loss                 | -0.0248     |
|    n_updates            | 3150        |
|    policy_gradient_loss | -0.019      |
|    value_loss           | 0.000274    |
-----------------------------------------
-----------------------------------------
| rollout/                |             |
|    ep_len_mean          | 4.3e+03     |
|    ep_rew_mean          | -0.0454     |
| time/                   |             |
|    fps                  | 4071        |
|    iterations           | 317         |
|    time_elapsed         | 159         |
|    total_timesteps      | 649216      |
| train/                  |             |
|    approx_kl            | 0.020339355 |
|    clip_fraction        | 0.166       |
|    clip_range           | 0.2         |
|    entropy_loss         | -0.676      |
|    explained_variance   | 0.405       |
|    learning_rate        | 0.0003      |
|    loss                 | 0.0146      |
|    n_updates            | 3160        |
|    policy_gradient_loss | -0.0148     |
|    value_loss           | 0.000273    |
-----------------------------------------
-----------------------------------------
| rollout/                |             |
|    ep_len_mean          | 4.3e+03     |
|    ep_rew_mean          | -0.0454     |
| time/                   |             |
|    fps                  | 4072        |
|    iterations           | 318         |
|    time_elapsed         | 159         |
|    total_timesteps      | 651264      |
| train/                  |             |
|    approx_kl            | 0.018977433 |
|    clip_fraction        | 0.17        |
|    clip_range           | 0.2         |
|    entropy_loss         | -0.71       |
|    explained_variance   | 0.276       |
|    learning_rate        | 0.0003      |
|    loss                 | -0.0333     |
|    n_updates            | 3170        |
|    policy_gradient_loss | -0.0172     |
|    value_loss           | 0.000271    |
-----------------------------------------
----------------------------------------
| rollout/                |            |
|    ep_len_mean          | 4.3e+03    |
|    ep_rew_mean          | -0.0488    |
| time/                   |            |
|    fps                  | 4072       |
|    iterations           | 319        |
|    time_elapsed         | 160        |
|    total_timesteps      | 653312     |
| train/                  |            |
|    approx_kl            | 0.02141309 |
|    clip_fraction        | 0.179      |
|    clip_range           | 0.2        |
|    entropy_loss         | -0.662     |
|    explained_variance   | 0.427      |
|    learning_rate        | 0.0003     |
|    loss                 | -0.0286    |
|    n_updates            | 3180       |
|    policy_gradient_loss | -0.0166    |
|    value_loss           | 0.000256   |
----------------------------------------
----------------------------------------
| rollout/                |            |
|    ep_len_mean          | 4.3e+03    |
|    ep_rew_mean          | -0.0488    |
| time/                   |            |
|    fps                  | 4072       |
|    iterations           | 320        |
|    time_elapsed         | 160        |
|    total_timesteps      | 655360     |
| train/                  |            |
|    approx_kl            | 0.02327057 |
|    clip_fraction        | 0.183      |
|    clip_range           | 0.2        |
|    entropy_loss         | -0.691     |
|    explained_variance   | 0.271      |
|    learning_rate        | 0.0003     |
|    loss                 | -0.0278    |
|    n_updates            | 3190       |
|    policy_gradient_loss | -0.0159    |
|    value_loss           | 0.000275   |
----------------------------------------
-----------------------------------------
| rollout/                |             |
|    ep_len_mean          | 4.3e+03     |
|    ep_rew_mean          | -0.0472     |
| time/                   |             |
|    fps                  | 4070        |
|    iterations           | 321         |
|    time_elapsed         | 161         |
|    total_timesteps      | 657408      |
| train/                  |             |
|    approx_kl            | 0.021738922 |
|    clip_fraction        | 0.158       |
|    clip_range           | 0.2         |
|    entropy_loss         | -0.67       |
|    explained_variance   | 0.428       |
|    learning_rate        | 0.0003      |
|    loss                 | -0.0133     |
|    n_updates            | 3200        |
|    policy_gradient_loss | -0.0156     |
|    value_loss           | 0.000231    |
-----------------------------------------
-----------------------------------------
| rollout/                |             |
|    ep_len_mean          | 4.3e+03     |
|    ep_rew_mean          | -0.0472     |
| time/                   |             |
|    fps                  | 4067        |
|    iterations           | 322         |
|    time_elapsed         | 162         |
|    total_timesteps      | 659456      |
| train/                  |             |
|    approx_kl            | 0.020872016 |
|    clip_fraction        | 0.188       |
|    clip_range           | 0.2         |
|    entropy_loss         | -0.701      |
|    explained_variance   | 0.253       |
|    learning_rate        | 0.0003      |
|    loss                 | -0.02       |
|    n_updates            | 3210        |
|    policy_gradient_loss | -0.0193     |
|    value_loss           | 0.000269    |
-----------------------------------------
-----------------------------------------
| rollout/                |             |
|    ep_len_mean          | 4.3e+03     |
|    ep_rew_mean          | -0.0473     |
| time/                   |             |
|    fps                  | 4067        |
|    iterations           | 323         |
|    time_elapsed         | 162         |
|    total_timesteps      | 661504      |
| train/                  |             |
|    approx_kl            | 0.017509893 |
|    clip_fraction        | 0.173       |
|    clip_range           | 0.2         |
|    entropy_loss         | -0.704      |
|    explained_variance   | 0.441       |
|    learning_rate        | 0.0003      |
|    loss                 | -0.0277     |
|    n_updates            | 3220        |
|    policy_gradient_loss | -0.0141     |
|    value_loss           | 0.000227    |
-----------------------------------------
-----------------------------------------
| rollout/                |             |
|    ep_len_mean          | 4.3e+03     |
|    ep_rew_mean          | -0.0473     |
| time/                   |             |
|    fps                  | 4067        |
|    iterations           | 324         |
|    time_elapsed         | 163         |
|    total_timesteps      | 663552      |
| train/                  |             |
|    approx_kl            | 0.020046886 |
|    clip_fraction        | 0.154       |
|    clip_range           | 0.2         |
|    entropy_loss         | -0.623      |
|    explained_variance   | 0.397       |
|    learning_rate        | 0.0003      |
|    loss                 | -0.0228     |
|    n_updates            | 3230        |
|    policy_gradient_loss | -0.0137     |
|    value_loss           | 0.000337    |
-----------------------------------------
----------------------------------------
| rollout/                |            |
|    ep_len_mean          | 4.3e+03    |
|    ep_rew_mean          | -0.0483    |
| time/                   |            |
|    fps                  | 4067       |
|    iterations           | 325        |
|    time_elapsed         | 163        |
|    total_timesteps      | 665600     |
| train/                  |            |
|    approx_kl            | 0.02887413 |
|    clip_fraction        | 0.187      |
|    clip_range           | 0.2        |
|    entropy_loss         | -0.64      |
|    explained_variance   | 0.51       |
|    learning_rate        | 0.0003     |
|    loss                 | -0.015     |
|    n_updates            | 3240       |
|    policy_gradient_loss | -0.019     |
|    value_loss           | 0.000244   |
----------------------------------------
-----------------------------------------
| rollout/                |             |
|    ep_len_mean          | 4.3e+03     |
|    ep_rew_mean          | -0.0483     |
| time/                   |             |
|    fps                  | 4068        |
|    iterations           | 326         |
|    time_elapsed         | 164         |
|    total_timesteps      | 667648      |
| train/                  |             |
|    approx_kl            | 0.018914435 |
|    clip_fraction        | 0.175       |
|    clip_range           | 0.2         |
|    entropy_loss         | -0.652      |
|    explained_variance   | 0.166       |
|    learning_rate        | 0.0003      |
|    loss                 | -0.0333     |
|    n_updates            | 3250        |
|    policy_gradient_loss | -0.0125     |
|    value_loss           | 0.000306    |
-----------------------------------------
-----------------------------------------
| rollout/                |             |
|    ep_len_mean          | 4.3e+03     |
|    ep_rew_mean          | -0.0483     |
| time/                   |             |
|    fps                  | 4068        |
|    iterations           | 327         |
|    time_elapsed         | 164         |
|    total_timesteps      | 669696      |
| train/                  |             |
|    approx_kl            | 0.020998217 |
|    clip_fraction        | 0.185       |
|    clip_range           | 0.2         |
|    entropy_loss         | -0.687      |
|    explained_variance   | 0.169       |
|    learning_rate        | 0.0003      |
|    loss                 | -0.0266     |
|    n_updates            | 3260        |
|    policy_gradient_loss | -0.0168     |
|    value_loss           | 0.000249    |
-----------------------------------------
-----------------------------------------
| rollout/                |             |
|    ep_len_mean          | 4.3e+03     |
|    ep_rew_mean          | -0.0481     |
| time/                   |             |
|    fps                  | 4068        |
|    iterations           | 328         |
|    time_elapsed         | 165         |
|    total_timesteps      | 671744      |
| train/                  |             |
|    approx_kl            | 0.020368256 |
|    clip_fraction        | 0.172       |
|    clip_range           | 0.2         |
|    entropy_loss         | -0.657      |
|    explained_variance   | 0.315       |
|    learning_rate        | 0.0003      |
|    loss                 | -0.0251     |
|    n_updates            | 3270        |
|    policy_gradient_loss | -0.0155     |
|    value_loss           | 0.000231    |
-----------------------------------------
-----------------------------------------
| rollout/                |             |
|    ep_len_mean          | 4.3e+03     |
|    ep_rew_mean          | -0.0481     |
| time/                   |             |
|    fps                  | 4068        |
|    iterations           | 329         |
|    time_elapsed         | 165         |
|    total_timesteps      | 673792      |
| train/                  |             |
|    approx_kl            | 0.020177716 |
|    clip_fraction        | 0.178       |
|    clip_range           | 0.2         |
|    entropy_loss         | -0.644      |
|    explained_variance   | 0.606       |
|    learning_rate        | 0.0003      |
|    loss                 | -0.0484     |
|    n_updates            | 3280        |
|    policy_gradient_loss | -0.0145     |
|    value_loss           | 0.000278    |
-----------------------------------------
-----------------------------------------
| rollout/                |             |
|    ep_len_mean          | 4.3e+03     |
|    ep_rew_mean          | -0.0511     |
| time/                   |             |
|    fps                  | 4068        |
|    iterations           | 330         |
|    time_elapsed         | 166         |
|    total_timesteps      | 675840      |
| train/                  |             |
|    approx_kl            | 0.021474622 |
|    clip_fraction        | 0.189       |
|    clip_range           | 0.2         |
|    entropy_loss         | -0.643      |
|    explained_variance   | 0.0735      |
|    learning_rate        | 0.0003      |
|    loss                 | -0.0165     |
|    n_updates            | 3290        |
|    policy_gradient_loss | -0.0143     |
|    value_loss           | 0.000274    |
-----------------------------------------
----------------------------------------
| rollout/                |            |
|    ep_len_mean          | 4.3e+03    |
|    ep_rew_mean          | -0.0511    |
| time/                   |            |
|    fps                  | 4068       |
|    iterations           | 331        |
|    time_elapsed         | 166        |
|    total_timesteps      | 677888     |
| train/                  |            |
|    approx_kl            | 0.02515428 |
|    clip_fraction        | 0.187      |
|    clip_range           | 0.2        |
|    entropy_loss         | -0.685     |
|    explained_variance   | 0.328      |
|    learning_rate        | 0.0003     |
|    loss                 | -0.0343    |
|    n_updates            | 3300       |
|    policy_gradient_loss | -0.0203    |
|    value_loss           | 0.000255   |
----------------------------------------
-----------------------------------------
| rollout/                |             |
|    ep_len_mean          | 4.3e+03     |
|    ep_rew_mean          | -0.0497     |
| time/                   |             |
|    fps                  | 4069        |
|    iterations           | 332         |
|    time_elapsed         | 167         |
|    total_timesteps      | 679936      |
| train/                  |             |
|    approx_kl            | 0.020062841 |
|    clip_fraction        | 0.177       |
|    clip_range           | 0.2         |
|    entropy_loss         | -0.6        |
|    explained_variance   | 0.241       |
|    learning_rate        | 0.0003      |
|    loss                 | -0.0382     |
|    n_updates            | 3310        |
|    policy_gradient_loss | -0.0171     |
|    value_loss           | 0.000208    |
-----------------------------------------
----------------------------------------
| rollout/                |            |
|    ep_len_mean          | 4.3e+03    |
|    ep_rew_mean          | -0.0497    |
| time/                   |            |
|    fps                  | 4069       |
|    iterations           | 333        |
|    time_elapsed         | 167        |
|    total_timesteps      | 681984     |
| train/                  |            |
|    approx_kl            | 0.01864318 |
|    clip_fraction        | 0.153      |
|    clip_range           | 0.2        |
|    entropy_loss         | -0.636     |
|    explained_variance   | 0.428      |
|    learning_rate        | 0.0003     |
|    loss                 | -0.00546   |
|    n_updates            | 3320       |
|    policy_gradient_loss | -0.0106    |
|    value_loss           | 0.000186   |
----------------------------------------
-----------------------------------------
| rollout/                |             |
|    ep_len_mean          | 4.3e+03     |
|    ep_rew_mean          | -0.0495     |
| time/                   |             |
|    fps                  | 4069        |
|    iterations           | 334         |
|    time_elapsed         | 168         |
|    total_timesteps      | 684032      |
| train/                  |             |
|    approx_kl            | 0.016626634 |
|    clip_fraction        | 0.163       |
|    clip_range           | 0.2         |
|    entropy_loss         | -0.618      |
|    explained_variance   | 0.498       |
|    learning_rate        | 0.0003      |
|    loss                 | -0.0302     |
|    n_updates            | 3330        |
|    policy_gradient_loss | -0.0135     |
|    value_loss           | 0.000378    |
-----------------------------------------
-----------------------------------------
| rollout/                |             |
|    ep_len_mean          | 4.3e+03     |
|    ep_rew_mean          | -0.0495     |
| time/                   |             |
|    fps                  | 4069        |
|    iterations           | 335         |
|    time_elapsed         | 168         |
|    total_timesteps      | 686080      |
| train/                  |             |
|    approx_kl            | 0.020820513 |
|    clip_fraction        | 0.171       |
|    clip_range           | 0.2         |
|    entropy_loss         | -0.655      |
|    explained_variance   | -0.499      |
|    learning_rate        | 0.0003      |
|    loss                 | -0.0157     |
|    n_updates            | 3340        |
|    policy_gradient_loss | -0.016      |
|    value_loss           | 0.000285    |
-----------------------------------------
----------------------------------------
| rollout/                |            |
|    ep_len_mean          | 4.3e+03    |
|    ep_rew_mean          | -0.048     |
| time/                   |            |
|    fps                  | 4069       |
|    iterations           | 336        |
|    time_elapsed         | 169        |
|    total_timesteps      | 688128     |
| train/                  |            |
|    approx_kl            | 0.01785418 |
|    clip_fraction        | 0.176      |
|    clip_range           | 0.2        |
|    entropy_loss         | -0.689     |
|    explained_variance   | 0.426      |
|    learning_rate        | 0.0003     |
|    loss                 | -0.0147    |
|    n_updates            | 3350       |
|    policy_gradient_loss | -0.0194    |
|    value_loss           | 0.000174   |
----------------------------------------
-----------------------------------------
| rollout/                |             |
|    ep_len_mean          | 4.3e+03     |
|    ep_rew_mean          | -0.048      |
| time/                   |             |
|    fps                  | 4069        |
|    iterations           | 337         |
|    time_elapsed         | 169         |
|    total_timesteps      | 690176      |
| train/                  |             |
|    approx_kl            | 0.019822173 |
|    clip_fraction        | 0.161       |
|    clip_range           | 0.2         |
|    entropy_loss         | -0.641      |
|    explained_variance   | 0.493       |
|    learning_rate        | 0.0003      |
|    loss                 | -0.0309     |
|    n_updates            | 3360        |
|    policy_gradient_loss | -0.0186     |
|    value_loss           | 0.000286    |
-----------------------------------------
-----------------------------------------
| rollout/                |             |
|    ep_len_mean          | 4.3e+03     |
|    ep_rew_mean          | -0.0499     |
| time/                   |             |
|    fps                  | 4069        |
|    iterations           | 338         |
|    time_elapsed         | 170         |
|    total_timesteps      | 692224      |
| train/                  |             |
|    approx_kl            | 0.020410048 |
|    clip_fraction        | 0.168       |
|    clip_range           | 0.2         |
|    entropy_loss         | -0.636      |
|    explained_variance   | 0.516       |
|    learning_rate        | 0.0003      |
|    loss                 | -0.0201     |
|    n_updates            | 3370        |
|    policy_gradient_loss | -0.0142     |
|    value_loss           | 0.000219    |
-----------------------------------------
-----------------------------------------
| rollout/                |             |
|    ep_len_mean          | 4.3e+03     |
|    ep_rew_mean          | -0.0499     |
| time/                   |             |
|    fps                  | 4069        |
|    iterations           | 339         |
|    time_elapsed         | 170         |
|    total_timesteps      | 694272      |
| train/                  |             |
|    approx_kl            | 0.021380424 |
|    clip_fraction        | 0.177       |
|    clip_range           | 0.2         |
|    entropy_loss         | -0.673      |
|    explained_variance   | 0.435       |
|    learning_rate        | 0.0003      |
|    loss                 | -0.0479     |
|    n_updates            | 3380        |
|    policy_gradient_loss | -0.0158     |
|    value_loss           | 0.000284    |
-----------------------------------------
-----------------------------------------
| rollout/                |             |
|    ep_len_mean          | 4.3e+03     |
|    ep_rew_mean          | -0.0487     |
| time/                   |             |
|    fps                  | 4070        |
|    iterations           | 340         |
|    time_elapsed         | 171         |
|    total_timesteps      | 696320      |
| train/                  |             |
|    approx_kl            | 0.023141654 |
|    clip_fraction        | 0.185       |
|    clip_range           | 0.2         |
|    entropy_loss         | -0.615      |
|    explained_variance   | 0.484       |
|    learning_rate        | 0.0003      |
|    loss                 | -0.0195     |
|    n_updates            | 3390        |
|    policy_gradient_loss | -0.0158     |
|    value_loss           | 0.000281    |
-----------------------------------------
-----------------------------------------
| rollout/                |             |
|    ep_len_mean          | 4.3e+03     |
|    ep_rew_mean          | -0.0487     |
| time/                   |             |
|    fps                  | 4070        |
|    iterations           | 341         |
|    time_elapsed         | 171         |
|    total_timesteps      | 698368      |
| train/                  |             |
|    approx_kl            | 0.016620131 |
|    clip_fraction        | 0.181       |
|    clip_range           | 0.2         |
|    entropy_loss         | -0.702      |
|    explained_variance   | 0.207       |
|    learning_rate        | 0.0003      |
|    loss                 | -0.029      |
|    n_updates            | 3400        |
|    policy_gradient_loss | -0.016      |
|    value_loss           | 0.000257    |
-----------------------------------------
------------------------------------------
| rollout/                |              |
|    ep_len_mean          | 4.3e+03      |
|    ep_rew_mean          | -0.0478      |
| time/                   |              |
|    fps                  | 4070         |
|    iterations           | 342          |
|    time_elapsed         | 172          |
|    total_timesteps      | 700416       |
| train/                  |              |
|    approx_kl            | 0.0150232045 |
|    clip_fraction        | 0.158        |
|    clip_range           | 0.2          |
|    entropy_loss         | -0.674       |
|    explained_variance   | 0.43         |
|    learning_rate        | 0.0003       |
|    loss                 | -0.0249      |
|    n_updates            | 3410         |
|    policy_gradient_loss | -0.0174      |
|    value_loss           | 0.000223     |
------------------------------------------
-----------------------------------------
| rollout/                |             |
|    ep_len_mean          | 4.3e+03     |
|    ep_rew_mean          | -0.0478     |
| time/                   |             |
|    fps                  | 4070        |
|    iterations           | 343         |
|    time_elapsed         | 172         |
|    total_timesteps      | 702464      |
| train/                  |             |
|    approx_kl            | 0.021820787 |
|    clip_fraction        | 0.175       |
|    clip_range           | 0.2         |
|    entropy_loss         | -0.689      |
|    explained_variance   | 0.416       |
|    learning_rate        | 0.0003      |
|    loss                 | -0.0234     |
|    n_updates            | 3420        |
|    policy_gradient_loss | -0.0165     |
|    value_loss           | 0.000384    |
-----------------------------------------
-----------------------------------------
| rollout/                |             |
|    ep_len_mean          | 4.3e+03     |
|    ep_rew_mean          | -0.0463     |
| time/                   |             |
|    fps                  | 4070        |
|    iterations           | 344         |
|    time_elapsed         | 173         |
|    total_timesteps      | 704512      |
| train/                  |             |
|    approx_kl            | 0.020624163 |
|    clip_fraction        | 0.176       |
|    clip_range           | 0.2         |
|    entropy_loss         | -0.723      |
|    explained_variance   | 0.381       |
|    learning_rate        | 0.0003      |
|    loss                 | -0.0369     |
|    n_updates            | 3430        |
|    policy_gradient_loss | -0.0171     |
|    value_loss           | 0.000221    |
-----------------------------------------
-----------------------------------------
| rollout/                |             |
|    ep_len_mean          | 4.3e+03     |
|    ep_rew_mean          | -0.0463     |
| time/                   |             |
|    fps                  | 4070        |
|    iterations           | 345         |
|    time_elapsed         | 173         |
|    total_timesteps      | 706560      |
| train/                  |             |
|    approx_kl            | 0.022181623 |
|    clip_fraction        | 0.153       |
|    clip_range           | 0.2         |
|    entropy_loss         | -0.633      |
|    explained_variance   | 0.319       |
|    learning_rate        | 0.0003      |
|    loss                 | 0.0172      |
|    n_updates            | 3440        |
|    policy_gradient_loss | -0.0139     |
|    value_loss           | 0.000329    |
-----------------------------------------
-----------------------------------------
| rollout/                |             |
|    ep_len_mean          | 4.3e+03     |
|    ep_rew_mean          | -0.0448     |
| time/                   |             |
|    fps                  | 4070        |
|    iterations           | 346         |
|    time_elapsed         | 174         |
|    total_timesteps      | 708608      |
| train/                  |             |
|    approx_kl            | 0.020995468 |
|    clip_fraction        | 0.183       |
|    clip_range           | 0.2         |
|    entropy_loss         | -0.712      |
|    explained_variance   | 0.223       |
|    learning_rate        | 0.0003      |
|    loss                 | 0.0177      |
|    n_updates            | 3450        |
|    policy_gradient_loss | -0.0152     |
|    value_loss           | 0.000259    |
-----------------------------------------
-----------------------------------------
| rollout/                |             |
|    ep_len_mean          | 4.3e+03     |
|    ep_rew_mean          | -0.0448     |
| time/                   |             |
|    fps                  | 4070        |
|    iterations           | 347         |
|    time_elapsed         | 174         |
|    total_timesteps      | 710656      |
| train/                  |             |
|    approx_kl            | 0.024004763 |
|    clip_fraction        | 0.171       |
|    clip_range           | 0.2         |
|    entropy_loss         | -0.66       |
|    explained_variance   | 0.396       |
|    learning_rate        | 0.0003      |
|    loss                 | -0.0468     |
|    n_updates            | 3460        |
|    policy_gradient_loss | -0.0168     |
|    value_loss           | 0.000223    |
-----------------------------------------
-----------------------------------------
| rollout/                |             |
|    ep_len_mean          | 4.3e+03     |
|    ep_rew_mean          | -0.0448     |
| time/                   |             |
|    fps                  | 4070        |
|    iterations           | 348         |
|    time_elapsed         | 175         |
|    total_timesteps      | 712704      |
| train/                  |             |
|    approx_kl            | 0.019307166 |
|    clip_fraction        | 0.184       |
|    clip_range           | 0.2         |
|    entropy_loss         | -0.756      |
|    explained_variance   | 0.473       |
|    learning_rate        | 0.0003      |
|    loss                 | -0.0325     |
|    n_updates            | 3470        |
|    policy_gradient_loss | -0.0176     |
|    value_loss           | 0.000269    |
-----------------------------------------
-----------------------------------------
| rollout/                |             |
|    ep_len_mean          | 4.3e+03     |
|    ep_rew_mean          | -0.0457     |
| time/                   |             |
|    fps                  | 4070        |
|    iterations           | 349         |
|    time_elapsed         | 175         |
|    total_timesteps      | 714752      |
| train/                  |             |
|    approx_kl            | 0.022602087 |
|    clip_fraction        | 0.172       |
|    clip_range           | 0.2         |
|    entropy_loss         | -0.695      |
|    explained_variance   | 0.251       |
|    learning_rate        | 0.0003      |
|    loss                 | -0.0418     |
|    n_updates            | 3480        |
|    policy_gradient_loss | -0.0157     |
|    value_loss           | 0.000212    |
-----------------------------------------
-----------------------------------------
| rollout/                |             |
|    ep_len_mean          | 4.3e+03     |
|    ep_rew_mean          | -0.0457     |
| time/                   |             |
|    fps                  | 4071        |
|    iterations           | 350         |
|    time_elapsed         | 176         |
|    total_timesteps      | 716800      |
| train/                  |             |
|    approx_kl            | 0.024654089 |
|    clip_fraction        | 0.198       |
|    clip_range           | 0.2         |
|    entropy_loss         | -0.8        |
|    explained_variance   | 0.221       |
|    learning_rate        | 0.0003      |
|    loss                 | -0.0488     |
|    n_updates            | 3490        |
|    policy_gradient_loss | -0.0189     |
|    value_loss           | 0.000289    |
-----------------------------------------
-----------------------------------------
| rollout/                |             |
|    ep_len_mean          | 4.3e+03     |
|    ep_rew_mean          | -0.0443     |
| time/                   |             |
|    fps                  | 4071        |
|    iterations           | 351         |
|    time_elapsed         | 176         |
|    total_timesteps      | 718848      |
| train/                  |             |
|    approx_kl            | 0.021628879 |
|    clip_fraction        | 0.192       |
|    clip_range           | 0.2         |
|    entropy_loss         | -0.753      |
|    explained_variance   | 0.368       |
|    learning_rate        | 0.0003      |
|    loss                 | -0.0186     |
|    n_updates            | 3500        |
|    policy_gradient_loss | -0.0185     |
|    value_loss           | 0.000244    |
-----------------------------------------
-----------------------------------------
| rollout/                |             |
|    ep_len_mean          | 4.3e+03     |
|    ep_rew_mean          | -0.0443     |
| time/                   |             |
|    fps                  | 4071        |
|    iterations           | 352         |
|    time_elapsed         | 177         |
|    total_timesteps      | 720896      |
| train/                  |             |
|    approx_kl            | 0.019480009 |
|    clip_fraction        | 0.183       |
|    clip_range           | 0.2         |
|    entropy_loss         | -0.773      |
|    explained_variance   | 0.29        |
|    learning_rate        | 0.0003      |
|    loss                 | 0.00719     |
|    n_updates            | 3510        |
|    policy_gradient_loss | -0.0181     |
|    value_loss           | 0.000331    |
-----------------------------------------
-----------------------------------------
| rollout/                |             |
|    ep_len_mean          | 4.3e+03     |
|    ep_rew_mean          | -0.0453     |
| time/                   |             |
|    fps                  | 4071        |
|    iterations           | 353         |
|    time_elapsed         | 177         |
|    total_timesteps      | 722944      |
| train/                  |             |
|    approx_kl            | 0.019044666 |
|    clip_fraction        | 0.182       |
|    clip_range           | 0.2         |
|    entropy_loss         | -0.753      |
|    explained_variance   | 0.354       |
|    learning_rate        | 0.0003      |
|    loss                 | -0.0332     |
|    n_updates            | 3520        |
|    policy_gradient_loss | -0.0186     |
|    value_loss           | 0.000247    |
-----------------------------------------
-----------------------------------------
| rollout/                |             |
|    ep_len_mean          | 4.3e+03     |
|    ep_rew_mean          | -0.0453     |
| time/                   |             |
|    fps                  | 4071        |
|    iterations           | 354         |
|    time_elapsed         | 178         |
|    total_timesteps      | 724992      |
| train/                  |             |
|    approx_kl            | 0.021455638 |
|    clip_fraction        | 0.177       |
|    clip_range           | 0.2         |
|    entropy_loss         | -0.752      |
|    explained_variance   | 0.511       |
|    learning_rate        | 0.0003      |
|    loss                 | -0.0358     |
|    n_updates            | 3530        |
|    policy_gradient_loss | -0.0189     |
|    value_loss           | 0.000293    |
-----------------------------------------
-----------------------------------------
| rollout/                |             |
|    ep_len_mean          | 4.3e+03     |
|    ep_rew_mean          | -0.0483     |
| time/                   |             |
|    fps                  | 4071        |
|    iterations           | 355         |
|    time_elapsed         | 178         |
|    total_timesteps      | 727040      |
| train/                  |             |
|    approx_kl            | 0.023248194 |
|    clip_fraction        | 0.176       |
|    clip_range           | 0.2         |
|    entropy_loss         | -0.688      |
|    explained_variance   | 0.424       |
|    learning_rate        | 0.0003      |
|    loss                 | -0.00946    |
|    n_updates            | 3540        |
|    policy_gradient_loss | -0.0162     |
|    value_loss           | 0.000295    |
-----------------------------------------
----------------------------------------
| rollout/                |            |
|    ep_len_mean          | 4.3e+03    |
|    ep_rew_mean          | -0.0483    |
| time/                   |            |
|    fps                  | 4071       |
|    iterations           | 356        |
|    time_elapsed         | 179        |
|    total_timesteps      | 729088     |
| train/                  |            |
|    approx_kl            | 0.02440036 |
|    clip_fraction        | 0.198      |
|    clip_range           | 0.2        |
|    entropy_loss         | -0.762     |
|    explained_variance   | 0.401      |
|    learning_rate        | 0.0003     |
|    loss                 | -0.0401    |
|    n_updates            | 3550       |
|    policy_gradient_loss | -0.0174    |
|    value_loss           | 0.000262   |
----------------------------------------
-----------------------------------------
| rollout/                |             |
|    ep_len_mean          | 4.3e+03     |
|    ep_rew_mean          | -0.0504     |
| time/                   |             |
|    fps                  | 4071        |
|    iterations           | 357         |
|    time_elapsed         | 179         |
|    total_timesteps      | 731136      |
| train/                  |             |
|    approx_kl            | 0.019503321 |
|    clip_fraction        | 0.165       |
|    clip_range           | 0.2         |
|    entropy_loss         | -0.654      |
|    explained_variance   | 0.402       |
|    learning_rate        | 0.0003      |
|    loss                 | -0.0193     |
|    n_updates            | 3560        |
|    policy_gradient_loss | -0.0153     |
|    value_loss           | 0.000261    |
-----------------------------------------
-----------------------------------------
| rollout/                |             |
|    ep_len_mean          | 4.3e+03     |
|    ep_rew_mean          | -0.0504     |
| time/                   |             |
|    fps                  | 4072        |
|    iterations           | 358         |
|    time_elapsed         | 180         |
|    total_timesteps      | 733184      |
| train/                  |             |
|    approx_kl            | 0.017806191 |
|    clip_fraction        | 0.172       |
|    clip_range           | 0.2         |
|    entropy_loss         | -0.702      |
|    explained_variance   | 0.293       |
|    learning_rate        | 0.0003      |
|    loss                 | -0.0161     |
|    n_updates            | 3570        |
|    policy_gradient_loss | -0.0166     |
|    value_loss           | 0.000309    |
-----------------------------------------
-----------------------------------------
| rollout/                |             |
|    ep_len_mean          | 4.3e+03     |
|    ep_rew_mean          | -0.0508     |
| time/                   |             |
|    fps                  | 4072        |
|    iterations           | 359         |
|    time_elapsed         | 180         |
|    total_timesteps      | 735232      |
| train/                  |             |
|    approx_kl            | 0.018793683 |
|    clip_fraction        | 0.152       |
|    clip_range           | 0.2         |
|    entropy_loss         | -0.641      |
|    explained_variance   | 0.411       |
|    learning_rate        | 0.0003      |
|    loss                 | -0.0203     |
|    n_updates            | 3580        |
|    policy_gradient_loss | -0.0172     |
|    value_loss           | 0.000282    |
-----------------------------------------
-----------------------------------------
| rollout/                |             |
|    ep_len_mean          | 4.3e+03     |
|    ep_rew_mean          | -0.0508     |
| time/                   |             |
|    fps                  | 4072        |
|    iterations           | 360         |
|    time_elapsed         | 181         |
|    total_timesteps      | 737280      |
| train/                  |             |
|    approx_kl            | 0.018841146 |
|    clip_fraction        | 0.17        |
|    clip_range           | 0.2         |
|    entropy_loss         | -0.696      |
|    explained_variance   | 0.218       |
|    learning_rate        | 0.0003      |
|    loss                 | -0.0451     |
|    n_updates            | 3590        |
|    policy_gradient_loss | -0.0168     |
|    value_loss           | 0.000289    |
-----------------------------------------
-----------------------------------------
| rollout/                |             |
|    ep_len_mean          | 4.3e+03     |
|    ep_rew_mean          | -0.0526     |
| time/                   |             |
|    fps                  | 4069        |
|    iterations           | 361         |
|    time_elapsed         | 181         |
|    total_timesteps      | 739328      |
| train/                  |             |
|    approx_kl            | 0.022304993 |
|    clip_fraction        | 0.189       |
|    clip_range           | 0.2         |
|    entropy_loss         | -0.693      |
|    explained_variance   | 0.456       |
|    learning_rate        | 0.0003      |
|    loss                 | -0.0293     |
|    n_updates            | 3600        |
|    policy_gradient_loss | -0.0222     |
|    value_loss           | 0.000189    |
-----------------------------------------
----------------------------------------
| rollout/                |            |
|    ep_len_mean          | 4.3e+03    |
|    ep_rew_mean          | -0.0526    |
| time/                   |            |
|    fps                  | 4069       |
|    iterations           | 362        |
|    time_elapsed         | 182        |
|    total_timesteps      | 741376     |
| train/                  |            |
|    approx_kl            | 0.02243141 |
|    clip_fraction        | 0.183      |
|    clip_range           | 0.2        |
|    entropy_loss         | -0.683     |
|    explained_variance   | 0.47       |
|    learning_rate        | 0.0003     |
|    loss                 | -0.0302    |
|    n_updates            | 3610       |
|    policy_gradient_loss | -0.0169    |
|    value_loss           | 0.000277   |
----------------------------------------
----------------------------------------
| rollout/                |            |
|    ep_len_mean          | 4.3e+03    |
|    ep_rew_mean          | -0.0514    |
| time/                   |            |
|    fps                  | 4070       |
|    iterations           | 363        |
|    time_elapsed         | 182        |
|    total_timesteps      | 743424     |
| train/                  |            |
|    approx_kl            | 0.02049226 |
|    clip_fraction        | 0.159      |
|    clip_range           | 0.2        |
|    entropy_loss         | -0.69      |
|    explained_variance   | 0.558      |
|    learning_rate        | 0.0003     |
|    loss                 | -0.0371    |
|    n_updates            | 3620       |
|    policy_gradient_loss | -0.0168    |
|    value_loss           | 0.000347   |
----------------------------------------
-----------------------------------------
| rollout/                |             |
|    ep_len_mean          | 4.3e+03     |
|    ep_rew_mean          | -0.0514     |
| time/                   |             |
|    fps                  | 4070        |
|    iterations           | 364         |
|    time_elapsed         | 183         |
|    total_timesteps      | 745472      |
| train/                  |             |
|    approx_kl            | 0.022756811 |
|    clip_fraction        | 0.173       |
|    clip_range           | 0.2         |
|    entropy_loss         | -0.698      |
|    explained_variance   | -0.636      |
|    learning_rate        | 0.0003      |
|    loss                 | -0.053      |
|    n_updates            | 3630        |
|    policy_gradient_loss | -0.0176     |
|    value_loss           | 0.000316    |
-----------------------------------------
-----------------------------------------
| rollout/                |             |
|    ep_len_mean          | 4.3e+03     |
|    ep_rew_mean          | -0.0502     |
| time/                   |             |
|    fps                  | 4070        |
|    iterations           | 365         |
|    time_elapsed         | 183         |
|    total_timesteps      | 747520      |
| train/                  |             |
|    approx_kl            | 0.026506647 |
|    clip_fraction        | 0.202       |
|    clip_range           | 0.2         |
|    entropy_loss         | -0.746      |
|    explained_variance   | 0.111       |
|    learning_rate        | 0.0003      |
|    loss                 | -0.00402    |
|    n_updates            | 3640        |
|    policy_gradient_loss | -0.019      |
|    value_loss           | 0.000255    |
-----------------------------------------
-----------------------------------------
| rollout/                |             |
|    ep_len_mean          | 4.3e+03     |
|    ep_rew_mean          | -0.0502     |
| time/                   |             |
|    fps                  | 4070        |
|    iterations           | 366         |
|    time_elapsed         | 184         |
|    total_timesteps      | 749568      |
| train/                  |             |
|    approx_kl            | 0.020886743 |
|    clip_fraction        | 0.16        |
|    clip_range           | 0.2         |
|    entropy_loss         | -0.666      |
|    explained_variance   | 0.339       |
|    learning_rate        | 0.0003      |
|    loss                 | -0.017      |
|    n_updates            | 3650        |
|    policy_gradient_loss | -0.0164     |
|    value_loss           | 0.00023     |
-----------------------------------------
-----------------------------------------
| rollout/                |             |
|    ep_len_mean          | 4.3e+03     |
|    ep_rew_mean          | -0.0499     |
| time/                   |             |
|    fps                  | 4070        |
|    iterations           | 367         |
|    time_elapsed         | 184         |
|    total_timesteps      | 751616      |
| train/                  |             |
|    approx_kl            | 0.027489375 |
|    clip_fraction        | 0.197       |
|    clip_range           | 0.2         |
|    entropy_loss         | -0.713      |
|    explained_variance   | 0.524       |
|    learning_rate        | 0.0003      |
|    loss                 | -0.0245     |
|    n_updates            | 3660        |
|    policy_gradient_loss | -0.0187     |
|    value_loss           | 0.000254    |
-----------------------------------------
-----------------------------------------
| rollout/                |             |
|    ep_len_mean          | 4.3e+03     |
|    ep_rew_mean          | -0.0499     |
| time/                   |             |
|    fps                  | 4070        |
|    iterations           | 368         |
|    time_elapsed         | 185         |
|    total_timesteps      | 753664      |
| train/                  |             |
|    approx_kl            | 0.021410435 |
|    clip_fraction        | 0.174       |
|    clip_range           | 0.2         |
|    entropy_loss         | -0.663      |
|    explained_variance   | 0.268       |
|    learning_rate        | 0.0003      |
|    loss                 | -0.0221     |
|    n_updates            | 3670        |
|    policy_gradient_loss | -0.0159     |
|    value_loss           | 0.000305    |
-----------------------------------------
-----------------------------------------
| rollout/                |             |
|    ep_len_mean          | 4.3e+03     |
|    ep_rew_mean          | -0.0499     |
| time/                   |             |
|    fps                  | 4070        |
|    iterations           | 369         |
|    time_elapsed         | 185         |
|    total_timesteps      | 755712      |
| train/                  |             |
|    approx_kl            | 0.023633279 |
|    clip_fraction        | 0.171       |
|    clip_range           | 0.2         |
|    entropy_loss         | -0.717      |
|    explained_variance   | 0.134       |
|    learning_rate        | 0.0003      |
|    loss                 | -0.0202     |
|    n_updates            | 3680        |
|    policy_gradient_loss | -0.0179     |
|    value_loss           | 0.000296    |
-----------------------------------------
-----------------------------------------
| rollout/                |             |
|    ep_len_mean          | 4.3e+03     |
|    ep_rew_mean          | -0.0488     |
| time/                   |             |
|    fps                  | 4070        |
|    iterations           | 370         |
|    time_elapsed         | 186         |
|    total_timesteps      | 757760      |
| train/                  |             |
|    approx_kl            | 0.020274503 |
|    clip_fraction        | 0.171       |
|    clip_range           | 0.2         |
|    entropy_loss         | -0.687      |
|    explained_variance   | 0.371       |
|    learning_rate        | 0.0003      |
|    loss                 | -0.0109     |
|    n_updates            | 3690        |
|    policy_gradient_loss | -0.0168     |
|    value_loss           | 0.000219    |
-----------------------------------------
-----------------------------------------
| rollout/                |             |
|    ep_len_mean          | 4.3e+03     |
|    ep_rew_mean          | -0.0488     |
| time/                   |             |
|    fps                  | 4070        |
|    iterations           | 371         |
|    time_elapsed         | 186         |
|    total_timesteps      | 759808      |
| train/                  |             |
|    approx_kl            | 0.023207169 |
|    clip_fraction        | 0.157       |
|    clip_range           | 0.2         |
|    entropy_loss         | -0.74       |
|    explained_variance   | 0.392       |
|    learning_rate        | 0.0003      |
|    loss                 | -0.0498     |
|    n_updates            | 3700        |
|    policy_gradient_loss | -0.0165     |
|    value_loss           | 0.000261    |
-----------------------------------------
-----------------------------------------
| rollout/                |             |
|    ep_len_mean          | 4.3e+03     |
|    ep_rew_mean          | -0.0475     |
| time/                   |             |
|    fps                  | 4070        |
|    iterations           | 372         |
|    time_elapsed         | 187         |
|    total_timesteps      | 761856      |
| train/                  |             |
|    approx_kl            | 0.019117499 |
|    clip_fraction        | 0.157       |
|    clip_range           | 0.2         |
|    entropy_loss         | -0.656      |
|    explained_variance   | 0.36        |
|    learning_rate        | 0.0003      |
|    loss                 | 0.00692     |
|    n_updates            | 3710        |
|    policy_gradient_loss | -0.0129     |
|    value_loss           | 0.000245    |
-----------------------------------------
-----------------------------------------
| rollout/                |             |
|    ep_len_mean          | 4.3e+03     |
|    ep_rew_mean          | -0.0475     |
| time/                   |             |
|    fps                  | 4070        |
|    iterations           | 373         |
|    time_elapsed         | 187         |
|    total_timesteps      | 763904      |
| train/                  |             |
|    approx_kl            | 0.020919152 |
|    clip_fraction        | 0.171       |
|    clip_range           | 0.2         |
|    entropy_loss         | -0.697      |
|    explained_variance   | 0.599       |
|    learning_rate        | 0.0003      |
|    loss                 | -0.0383     |
|    n_updates            | 3720        |
|    policy_gradient_loss | -0.0165     |
|    value_loss           | 0.000275    |
-----------------------------------------
-----------------------------------------
| rollout/                |             |
|    ep_len_mean          | 4.3e+03     |
|    ep_rew_mean          | -0.0515     |
| time/                   |             |
|    fps                  | 4069        |
|    iterations           | 374         |
|    time_elapsed         | 188         |
|    total_timesteps      | 765952      |
| train/                  |             |
|    approx_kl            | 0.019845836 |
|    clip_fraction        | 0.167       |
|    clip_range           | 0.2         |
|    entropy_loss         | -0.733      |
|    explained_variance   | 0.247       |
|    learning_rate        | 0.0003      |
|    loss                 | -0.0421     |
|    n_updates            | 3730        |
|    policy_gradient_loss | -0.0171     |
|    value_loss           | 0.000277    |
-----------------------------------------
-----------------------------------------
| rollout/                |             |
|    ep_len_mean          | 4.3e+03     |
|    ep_rew_mean          | -0.0515     |
| time/                   |             |
|    fps                  | 4069        |
|    iterations           | 375         |
|    time_elapsed         | 188         |
|    total_timesteps      | 768000      |
| train/                  |             |
|    approx_kl            | 0.024972955 |
|    clip_fraction        | 0.172       |
|    clip_range           | 0.2         |
|    entropy_loss         | -0.713      |
|    explained_variance   | 0.00572     |
|    learning_rate        | 0.0003      |
|    loss                 | -0.0322     |
|    n_updates            | 3740        |
|    policy_gradient_loss | -0.0163     |
|    value_loss           | 0.000277    |
-----------------------------------------
-----------------------------------------
| rollout/                |             |
|    ep_len_mean          | 4.3e+03     |
|    ep_rew_mean          | -0.0486     |
| time/                   |             |
|    fps                  | 4069        |
|    iterations           | 376         |
|    time_elapsed         | 189         |
|    total_timesteps      | 770048      |
| train/                  |             |
|    approx_kl            | 0.021989007 |
|    clip_fraction        | 0.177       |
|    clip_range           | 0.2         |
|    entropy_loss         | -0.704      |
|    explained_variance   | 0.31        |
|    learning_rate        | 0.0003      |
|    loss                 | -0.0403     |
|    n_updates            | 3750        |
|    policy_gradient_loss | -0.016      |
|    value_loss           | 0.000214    |
-----------------------------------------
-----------------------------------------
| rollout/                |             |
|    ep_len_mean          | 4.3e+03     |
|    ep_rew_mean          | -0.0486     |
| time/                   |             |
|    fps                  | 4070        |
|    iterations           | 377         |
|    time_elapsed         | 189         |
|    total_timesteps      | 772096      |
| train/                  |             |
|    approx_kl            | 0.020888608 |
|    clip_fraction        | 0.167       |
|    clip_range           | 0.2         |
|    entropy_loss         | -0.773      |
|    explained_variance   | 0.487       |
|    learning_rate        | 0.0003      |
|    loss                 | -0.0233     |
|    n_updates            | 3760        |
|    policy_gradient_loss | -0.0154     |
|    value_loss           | 0.000204    |
-----------------------------------------
-----------------------------------------
| rollout/                |             |
|    ep_len_mean          | 4.3e+03     |
|    ep_rew_mean          | -0.0539     |
| time/                   |             |
|    fps                  | 4070        |
|    iterations           | 378         |
|    time_elapsed         | 190         |
|    total_timesteps      | 774144      |
| train/                  |             |
|    approx_kl            | 0.021867733 |
|    clip_fraction        | 0.176       |
|    clip_range           | 0.2         |
|    entropy_loss         | -0.678      |
|    explained_variance   | 0.475       |
|    learning_rate        | 0.0003      |
|    loss                 | -0.0284     |
|    n_updates            | 3770        |
|    policy_gradient_loss | -0.0166     |
|    value_loss           | 0.000302    |
-----------------------------------------
-----------------------------------------
| rollout/                |             |
|    ep_len_mean          | 4.3e+03     |
|    ep_rew_mean          | -0.0539     |
| time/                   |             |
|    fps                  | 4070        |
|    iterations           | 379         |
|    time_elapsed         | 190         |
|    total_timesteps      | 776192      |
| train/                  |             |
|    approx_kl            | 0.022940516 |
|    clip_fraction        | 0.198       |
|    clip_range           | 0.2         |
|    entropy_loss         | -0.726      |
|    explained_variance   | 0.0304      |
|    learning_rate        | 0.0003      |
|    loss                 | -0.0151     |
|    n_updates            | 3780        |
|    policy_gradient_loss | -0.0218     |
|    value_loss           | 0.0003      |
-----------------------------------------
-----------------------------------------
| rollout/                |             |
|    ep_len_mean          | 4.3e+03     |
|    ep_rew_mean          | -0.0538     |
| time/                   |             |
|    fps                  | 4070        |
|    iterations           | 380         |
|    time_elapsed         | 191         |
|    total_timesteps      | 778240      |
| train/                  |             |
|    approx_kl            | 0.022926556 |
|    clip_fraction        | 0.18        |
|    clip_range           | 0.2         |
|    entropy_loss         | -0.712      |
|    explained_variance   | 0.285       |
|    learning_rate        | 0.0003      |
|    loss                 | -0.0455     |
|    n_updates            | 3790        |
|    policy_gradient_loss | -0.018      |
|    value_loss           | 0.000231    |
-----------------------------------------
-----------------------------------------
| rollout/                |             |
|    ep_len_mean          | 4.3e+03     |
|    ep_rew_mean          | -0.0538     |
| time/                   |             |
|    fps                  | 4069        |
|    iterations           | 381         |
|    time_elapsed         | 191         |
|    total_timesteps      | 780288      |
| train/                  |             |
|    approx_kl            | 0.020238336 |
|    clip_fraction        | 0.165       |
|    clip_range           | 0.2         |
|    entropy_loss         | -0.734      |
|    explained_variance   | 0.414       |
|    learning_rate        | 0.0003      |
|    loss                 | -0.00997    |
|    n_updates            | 3800        |
|    policy_gradient_loss | -0.0147     |
|    value_loss           | 0.000305    |
-----------------------------------------
-----------------------------------------
| rollout/                |             |
|    ep_len_mean          | 4.3e+03     |
|    ep_rew_mean          | -0.0535     |
| time/                   |             |
|    fps                  | 4069        |
|    iterations           | 382         |
|    time_elapsed         | 192         |
|    total_timesteps      | 782336      |
| train/                  |             |
|    approx_kl            | 0.019310359 |
|    clip_fraction        | 0.164       |
|    clip_range           | 0.2         |
|    entropy_loss         | -0.696      |
|    explained_variance   | 0.466       |
|    learning_rate        | 0.0003      |
|    loss                 | -0.0285     |
|    n_updates            | 3810        |
|    policy_gradient_loss | -0.0179     |
|    value_loss           | 0.000222    |
-----------------------------------------
-----------------------------------------
| rollout/                |             |
|    ep_len_mean          | 4.3e+03     |
|    ep_rew_mean          | -0.0535     |
| time/                   |             |
|    fps                  | 4069        |
|    iterations           | 383         |
|    time_elapsed         | 192         |
|    total_timesteps      | 784384      |
| train/                  |             |
|    approx_kl            | 0.028005777 |
|    clip_fraction        | 0.226       |
|    clip_range           | 0.2         |
|    entropy_loss         | -0.739      |
|    explained_variance   | 0.223       |
|    learning_rate        | 0.0003      |
|    loss                 | -0.0198     |
|    n_updates            | 3820        |
|    policy_gradient_loss | -0.0233     |
|    value_loss           | 0.000257    |
-----------------------------------------
-----------------------------------------
| rollout/                |             |
|    ep_len_mean          | 4.3e+03     |
|    ep_rew_mean          | -0.051      |
| time/                   |             |
|    fps                  | 4069        |
|    iterations           | 384         |
|    time_elapsed         | 193         |
|    total_timesteps      | 786432      |
| train/                  |             |
|    approx_kl            | 0.024848532 |
|    clip_fraction        | 0.188       |
|    clip_range           | 0.2         |
|    entropy_loss         | -0.726      |
|    explained_variance   | 0.283       |
|    learning_rate        | 0.0003      |
|    loss                 | -0.0231     |
|    n_updates            | 3830        |
|    policy_gradient_loss | -0.0207     |
|    value_loss           | 0.000202    |
-----------------------------------------
-----------------------------------------
| rollout/                |             |
|    ep_len_mean          | 4.3e+03     |
|    ep_rew_mean          | -0.051      |
| time/                   |             |
|    fps                  | 4070        |
|    iterations           | 385         |
|    time_elapsed         | 193         |
|    total_timesteps      | 788480      |
| train/                  |             |
|    approx_kl            | 0.021366678 |
|    clip_fraction        | 0.169       |
|    clip_range           | 0.2         |
|    entropy_loss         | -0.687      |
|    explained_variance   | 0.404       |
|    learning_rate        | 0.0003      |
|    loss                 | -0.0218     |
|    n_updates            | 3840        |
|    policy_gradient_loss | -0.0179     |
|    value_loss           | 0.000271    |
-----------------------------------------
-----------------------------------------
| rollout/                |             |
|    ep_len_mean          | 4.3e+03     |
|    ep_rew_mean          | -0.0499     |
| time/                   |             |
|    fps                  | 4070        |
|    iterations           | 386         |
|    time_elapsed         | 194         |
|    total_timesteps      | 790528      |
| train/                  |             |
|    approx_kl            | 0.022457315 |
|    clip_fraction        | 0.185       |
|    clip_range           | 0.2         |
|    entropy_loss         | -0.751      |
|    explained_variance   | 0.386       |
|    learning_rate        | 0.0003      |
|    loss                 | -0.0107     |
|    n_updates            | 3850        |
|    policy_gradient_loss | -0.02       |
|    value_loss           | 0.000295    |
-----------------------------------------
----------------------------------------
| rollout/                |            |
|    ep_len_mean          | 4.3e+03    |
|    ep_rew_mean          | -0.0499    |
| time/                   |            |
|    fps                  | 4070       |
|    iterations           | 387        |
|    time_elapsed         | 194        |
|    total_timesteps      | 792576     |
| train/                  |            |
|    approx_kl            | 0.02177262 |
|    clip_fraction        | 0.161      |
|    clip_range           | 0.2        |
|    entropy_loss         | -0.699     |
|    explained_variance   | 0.375      |
|    learning_rate        | 0.0003     |
|    loss                 | -0.0155    |
|    n_updates            | 3860       |
|    policy_gradient_loss | -0.0165    |
|    value_loss           | 0.000217   |
----------------------------------------
-----------------------------------------
| rollout/                |             |
|    ep_len_mean          | 4.3e+03     |
|    ep_rew_mean          | -0.0515     |
| time/                   |             |
|    fps                  | 4070        |
|    iterations           | 388         |
|    time_elapsed         | 195         |
|    total_timesteps      | 794624      |
| train/                  |             |
|    approx_kl            | 0.029832438 |
|    clip_fraction        | 0.204       |
|    clip_range           | 0.2         |
|    entropy_loss         | -0.729      |
|    explained_variance   | 0.573       |
|    learning_rate        | 0.0003      |
|    loss                 | -0.0275     |
|    n_updates            | 3870        |
|    policy_gradient_loss | -0.018      |
|    value_loss           | 0.000246    |
-----------------------------------------
----------------------------------------
| rollout/                |            |
|    ep_len_mean          | 4.3e+03    |
|    ep_rew_mean          | -0.0515    |
| time/                   |            |
|    fps                  | 4070       |
|    iterations           | 389        |
|    time_elapsed         | 195        |
|    total_timesteps      | 796672     |
| train/                  |            |
|    approx_kl            | 0.02023779 |
|    clip_fraction        | 0.179      |
|    clip_range           | 0.2        |
|    entropy_loss         | -0.764     |
|    explained_variance   | 0.254      |
|    learning_rate        | 0.0003     |
|    loss                 | -0.00518   |
|    n_updates            | 3880       |
|    policy_gradient_loss | -0.0153    |
|    value_loss           | 0.000265   |
----------------------------------------
-----------------------------------------
| rollout/                |             |
|    ep_len_mean          | 4.3e+03     |
|    ep_rew_mean          | -0.0515     |
| time/                   |             |
|    fps                  | 4070        |
|    iterations           | 390         |
|    time_elapsed         | 196         |
|    total_timesteps      | 798720      |
| train/                  |             |
|    approx_kl            | 0.022924103 |
|    clip_fraction        | 0.176       |
|    clip_range           | 0.2         |
|    entropy_loss         | -0.689      |
|    explained_variance   | 0.459       |
|    learning_rate        | 0.0003      |
|    loss                 | -0.028      |
|    n_updates            | 3890        |
|    policy_gradient_loss | -0.0177     |
|    value_loss           | 0.00025     |
-----------------------------------------
-----------------------------------------
| rollout/                |             |
|    ep_len_mean          | 4.3e+03     |
|    ep_rew_mean          | -0.0521     |
| time/                   |             |
|    fps                  | 4070        |
|    iterations           | 391         |
|    time_elapsed         | 196         |
|    total_timesteps      | 800768      |
| train/                  |             |
|    approx_kl            | 0.017962787 |
|    clip_fraction        | 0.158       |
|    clip_range           | 0.2         |
|    entropy_loss         | -0.743      |
|    explained_variance   | -0.0899     |
|    learning_rate        | 0.0003      |
|    loss                 | -0.0356     |
|    n_updates            | 3900        |
|    policy_gradient_loss | -0.0155     |
|    value_loss           | 0.000251    |
-----------------------------------------
----------------------------------------
| rollout/                |            |
|    ep_len_mean          | 4.3e+03    |
|    ep_rew_mean          | -0.0521    |
| time/                   |            |
|    fps                  | 4070       |
|    iterations           | 392        |
|    time_elapsed         | 197        |
|    total_timesteps      | 802816     |
| train/                  |            |
|    approx_kl            | 0.02203438 |
|    clip_fraction        | 0.188      |
|    clip_range           | 0.2        |
|    entropy_loss         | -0.771     |
|    explained_variance   | 0.216      |
|    learning_rate        | 0.0003     |
|    loss                 | -0.0337    |
|    n_updates            | 3910       |
|    policy_gradient_loss | -0.0187    |
|    value_loss           | 0.000241   |
----------------------------------------
----------------------------------------
| rollout/                |            |
|    ep_len_mean          | 4.3e+03    |
|    ep_rew_mean          | -0.0559    |
| time/                   |            |
|    fps                  | 4070       |
|    iterations           | 393        |
|    time_elapsed         | 197        |
|    total_timesteps      | 804864     |
| train/                  |            |
|    approx_kl            | 0.02543475 |
|    clip_fraction        | 0.183      |
|    clip_range           | 0.2        |
|    entropy_loss         | -0.71      |
|    explained_variance   | 0.257      |
|    learning_rate        | 0.0003     |
|    loss                 | 0.0575     |
|    n_updates            | 3920       |
|    policy_gradient_loss | -0.0172    |
|    value_loss           | 0.000247   |
----------------------------------------
-----------------------------------------
| rollout/                |             |
|    ep_len_mean          | 4.3e+03     |
|    ep_rew_mean          | -0.0559     |
| time/                   |             |
|    fps                  | 4070        |
|    iterations           | 394         |
|    time_elapsed         | 198         |
|    total_timesteps      | 806912      |
| train/                  |             |
|    approx_kl            | 0.016849026 |
|    clip_fraction        | 0.164       |
|    clip_range           | 0.2         |
|    entropy_loss         | -0.748      |
|    explained_variance   | 0.489       |
|    learning_rate        | 0.0003      |
|    loss                 | -0.0417     |
|    n_updates            | 3930        |
|    policy_gradient_loss | -0.0178     |
|    value_loss           | 0.000263    |
-----------------------------------------
-----------------------------------------
| rollout/                |             |
|    ep_len_mean          | 4.3e+03     |
|    ep_rew_mean          | -0.0583     |
| time/                   |             |
|    fps                  | 4070        |
|    iterations           | 395         |
|    time_elapsed         | 198         |
|    total_timesteps      | 808960      |
| train/                  |             |
|    approx_kl            | 0.025417892 |
|    clip_fraction        | 0.185       |
|    clip_range           | 0.2         |
|    entropy_loss         | -0.676      |
|    explained_variance   | 0.446       |
|    learning_rate        | 0.0003      |
|    loss                 | 0.0104      |
|    n_updates            | 3940        |
|    policy_gradient_loss | -0.0202     |
|    value_loss           | 0.00031     |
-----------------------------------------
-----------------------------------------
| rollout/                |             |
|    ep_len_mean          | 4.3e+03     |
|    ep_rew_mean          | -0.0583     |
| time/                   |             |
|    fps                  | 4070        |
|    iterations           | 396         |
|    time_elapsed         | 199         |
|    total_timesteps      | 811008      |
| train/                  |             |
|    approx_kl            | 0.023102365 |
|    clip_fraction        | 0.194       |
|    clip_range           | 0.2         |
|    entropy_loss         | -0.741      |
|    explained_variance   | 0.0182      |
|    learning_rate        | 0.0003      |
|    loss                 | -0.018      |
|    n_updates            | 3950        |
|    policy_gradient_loss | -0.0214     |
|    value_loss           | 0.000283    |
-----------------------------------------
-----------------------------------------
| rollout/                |             |
|    ep_len_mean          | 4.3e+03     |
|    ep_rew_mean          | -0.0597     |
| time/                   |             |
|    fps                  | 4070        |
|    iterations           | 397         |
|    time_elapsed         | 199         |
|    total_timesteps      | 813056      |
| train/                  |             |
|    approx_kl            | 0.020701537 |
|    clip_fraction        | 0.161       |
|    clip_range           | 0.2         |
|    entropy_loss         | -0.708      |
|    explained_variance   | 0.369       |
|    learning_rate        | 0.0003      |
|    loss                 | -0.0319     |
|    n_updates            | 3960        |
|    policy_gradient_loss | -0.0179     |
|    value_loss           | 0.000229    |
-----------------------------------------
-----------------------------------------
| rollout/                |             |
|    ep_len_mean          | 4.3e+03     |
|    ep_rew_mean          | -0.0597     |
| time/                   |             |
|    fps                  | 4071        |
|    iterations           | 398         |
|    time_elapsed         | 200         |
|    total_timesteps      | 815104      |
| train/                  |             |
|    approx_kl            | 0.019753773 |
|    clip_fraction        | 0.174       |
|    clip_range           | 0.2         |
|    entropy_loss         | -0.74       |
|    explained_variance   | 0.558       |
|    learning_rate        | 0.0003      |
|    loss                 | -0.0477     |
|    n_updates            | 3970        |
|    policy_gradient_loss | -0.0186     |
|    value_loss           | 0.000304    |
-----------------------------------------
-----------------------------------------
| rollout/                |             |
|    ep_len_mean          | 4.3e+03     |
|    ep_rew_mean          | -0.0585     |
| time/                   |             |
|    fps                  | 4071        |
|    iterations           | 399         |
|    time_elapsed         | 200         |
|    total_timesteps      | 817152      |
| train/                  |             |
|    approx_kl            | 0.024242906 |
|    clip_fraction        | 0.178       |
|    clip_range           | 0.2         |
|    entropy_loss         | -0.678      |
|    explained_variance   | 0.512       |
|    learning_rate        | 0.0003      |
|    loss                 | -0.0366     |
|    n_updates            | 3980        |
|    policy_gradient_loss | -0.0166     |
|    value_loss           | 0.000278    |
-----------------------------------------
-----------------------------------------
| rollout/                |             |
|    ep_len_mean          | 4.3e+03     |
|    ep_rew_mean          | -0.0585     |
| time/                   |             |
|    fps                  | 4071        |
|    iterations           | 400         |
|    time_elapsed         | 201         |
|    total_timesteps      | 819200      |
| train/                  |             |
|    approx_kl            | 0.022021826 |
|    clip_fraction        | 0.191       |
|    clip_range           | 0.2         |
|    entropy_loss         | -0.69       |
|    explained_variance   | 0.418       |
|    learning_rate        | 0.0003      |
|    loss                 | -0.0522     |
|    n_updates            | 3990        |
|    policy_gradient_loss | -0.0195     |
|    value_loss           | 0.000204    |
-----------------------------------------
-----------------------------------------
| rollout/                |             |
|    ep_len_mean          | 4.3e+03     |
|    ep_rew_mean          | -0.0588     |
| time/                   |             |
|    fps                  | 4068        |
|    iterations           | 401         |
|    time_elapsed         | 201         |
|    total_timesteps      | 821248      |
| train/                  |             |
|    approx_kl            | 0.016506746 |
|    clip_fraction        | 0.149       |
|    clip_range           | 0.2         |
|    entropy_loss         | -0.649      |
|    explained_variance   | 0.442       |
|    learning_rate        | 0.0003      |
|    loss                 | -0.0212     |
|    n_updates            | 4000        |
|    policy_gradient_loss | -0.0142     |
|    value_loss           | 0.000265    |
-----------------------------------------
-----------------------------------------
| rollout/                |             |
|    ep_len_mean          | 4.3e+03     |
|    ep_rew_mean          | -0.0588     |
| time/                   |             |
|    fps                  | 4068        |
|    iterations           | 402         |
|    time_elapsed         | 202         |
|    total_timesteps      | 823296      |
| train/                  |             |
|    approx_kl            | 0.020289976 |
|    clip_fraction        | 0.165       |
|    clip_range           | 0.2         |
|    entropy_loss         | -0.671      |
|    explained_variance   | 0.118       |
|    learning_rate        | 0.0003      |
|    loss                 | -0.0404     |
|    n_updates            | 4010        |
|    policy_gradient_loss | -0.0173     |
|    value_loss           | 0.000236    |
-----------------------------------------
-----------------------------------------
| rollout/                |             |
|    ep_len_mean          | 4.3e+03     |
|    ep_rew_mean          | -0.0578     |
| time/                   |             |
|    fps                  | 4068        |
|    iterations           | 403         |
|    time_elapsed         | 202         |
|    total_timesteps      | 825344      |
| train/                  |             |
|    approx_kl            | 0.023071736 |
|    clip_fraction        | 0.187       |
|    clip_range           | 0.2         |
|    entropy_loss         | -0.663      |
|    explained_variance   | 0.406       |
|    learning_rate        | 0.0003      |
|    loss                 | -0.00977    |
|    n_updates            | 4020        |
|    policy_gradient_loss | -0.0201     |
|    value_loss           | 0.000218    |
-----------------------------------------
-----------------------------------------
| rollout/                |             |
|    ep_len_mean          | 4.3e+03     |
|    ep_rew_mean          | -0.0578     |
| time/                   |             |
|    fps                  | 4068        |
|    iterations           | 404         |
|    time_elapsed         | 203         |
|    total_timesteps      | 827392      |
| train/                  |             |
|    approx_kl            | 0.017871004 |
|    clip_fraction        | 0.158       |
|    clip_range           | 0.2         |
|    entropy_loss         | -0.664      |
|    explained_variance   | 0.53        |
|    learning_rate        | 0.0003      |
|    loss                 | -0.0229     |
|    n_updates            | 4030        |
|    policy_gradient_loss | -0.0147     |
|    value_loss           | 0.000336    |
-----------------------------------------
-----------------------------------------
| rollout/                |             |
|    ep_len_mean          | 4.3e+03     |
|    ep_rew_mean          | -0.0583     |
| time/                   |             |
|    fps                  | 4069        |
|    iterations           | 405         |
|    time_elapsed         | 203         |
|    total_timesteps      | 829440      |
| train/                  |             |
|    approx_kl            | 0.019815793 |
|    clip_fraction        | 0.165       |
|    clip_range           | 0.2         |
|    entropy_loss         | -0.627      |
|    explained_variance   | 0.556       |
|    learning_rate        | 0.0003      |
|    loss                 | -0.037      |
|    n_updates            | 4040        |
|    policy_gradient_loss | -0.0134     |
|    value_loss           | 0.000307    |
-----------------------------------------
-----------------------------------------
| rollout/                |             |
|    ep_len_mean          | 4.3e+03     |
|    ep_rew_mean          | -0.0583     |
| time/                   |             |
|    fps                  | 4069        |
|    iterations           | 406         |
|    time_elapsed         | 204         |
|    total_timesteps      | 831488      |
| train/                  |             |
|    approx_kl            | 0.025310822 |
|    clip_fraction        | 0.177       |
|    clip_range           | 0.2         |
|    entropy_loss         | -0.672      |
|    explained_variance   | 0.0782      |
|    learning_rate        | 0.0003      |
|    loss                 | 0.000426    |
|    n_updates            | 4050        |
|    policy_gradient_loss | -0.016      |
|    value_loss           | 0.000262    |
-----------------------------------------
-----------------------------------------
| rollout/                |             |
|    ep_len_mean          | 4.3e+03     |
|    ep_rew_mean          | -0.0574     |
| time/                   |             |
|    fps                  | 4069        |
|    iterations           | 407         |
|    time_elapsed         | 204         |
|    total_timesteps      | 833536      |
| train/                  |             |
|    approx_kl            | 0.017662654 |
|    clip_fraction        | 0.185       |
|    clip_range           | 0.2         |
|    entropy_loss         | -0.705      |
|    explained_variance   | 0.449       |
|    learning_rate        | 0.0003      |
|    loss                 | -0.0139     |
|    n_updates            | 4060        |
|    policy_gradient_loss | -0.0195     |
|    value_loss           | 0.00027     |
-----------------------------------------
-----------------------------------------
| rollout/                |             |
|    ep_len_mean          | 4.3e+03     |
|    ep_rew_mean          | -0.0574     |
| time/                   |             |
|    fps                  | 4069        |
|    iterations           | 408         |
|    time_elapsed         | 205         |
|    total_timesteps      | 835584      |
| train/                  |             |
|    approx_kl            | 0.021753978 |
|    clip_fraction        | 0.152       |
|    clip_range           | 0.2         |
|    entropy_loss         | -0.64       |
|    explained_variance   | 0.221       |
|    learning_rate        | 0.0003      |
|    loss                 | -0.00167    |
|    n_updates            | 4070        |
|    policy_gradient_loss | -0.0136     |
|    value_loss           | 0.000301    |
-----------------------------------------
-----------------------------------------
| rollout/                |             |
|    ep_len_mean          | 4.3e+03     |
|    ep_rew_mean          | -0.0567     |
| time/                   |             |
|    fps                  | 4069        |
|    iterations           | 409         |
|    time_elapsed         | 205         |
|    total_timesteps      | 837632      |
| train/                  |             |
|    approx_kl            | 0.022853076 |
|    clip_fraction        | 0.167       |
|    clip_range           | 0.2         |
|    entropy_loss         | -0.701      |
|    explained_variance   | 0.18        |
|    learning_rate        | 0.0003      |
|    loss                 | -0.0329     |
|    n_updates            | 4080        |
|    policy_gradient_loss | -0.0177     |
|    value_loss           | 0.00027     |
-----------------------------------------
-----------------------------------------
| rollout/                |             |
|    ep_len_mean          | 4.3e+03     |
|    ep_rew_mean          | -0.0567     |
| time/                   |             |
|    fps                  | 4069        |
|    iterations           | 410         |
|    time_elapsed         | 206         |
|    total_timesteps      | 839680      |
| train/                  |             |
|    approx_kl            | 0.025071364 |
|    clip_fraction        | 0.178       |
|    clip_range           | 0.2         |
|    entropy_loss         | -0.68       |
|    explained_variance   | 0.285       |
|    learning_rate        | 0.0003      |
|    loss                 | -0.0266     |
|    n_updates            | 4090        |
|    policy_gradient_loss | -0.0185     |
|    value_loss           | 0.00025     |
-----------------------------------------
-----------------------------------------
| rollout/                |             |
|    ep_len_mean          | 4.3e+03     |
|    ep_rew_mean          | -0.0567     |
| time/                   |             |
|    fps                  | 4070        |
|    iterations           | 411         |
|    time_elapsed         | 206         |
|    total_timesteps      | 841728      |
| train/                  |             |
|    approx_kl            | 0.026605584 |
|    clip_fraction        | 0.189       |
|    clip_range           | 0.2         |
|    entropy_loss         | -0.71       |
|    explained_variance   | 0.224       |
|    learning_rate        | 0.0003      |
|    loss                 | -0.0146     |
|    n_updates            | 4100        |
|    policy_gradient_loss | -0.023      |
|    value_loss           | 0.000309    |
-----------------------------------------
-----------------------------------------
| rollout/                |             |
|    ep_len_mean          | 4.3e+03     |
|    ep_rew_mean          | -0.0591     |
| time/                   |             |
|    fps                  | 4070        |
|    iterations           | 412         |
|    time_elapsed         | 207         |
|    total_timesteps      | 843776      |
| train/                  |             |
|    approx_kl            | 0.022239815 |
|    clip_fraction        | 0.187       |
|    clip_range           | 0.2         |
|    entropy_loss         | -0.675      |
|    explained_variance   | 0.33        |
|    learning_rate        | 0.0003      |
|    loss                 | -0.0218     |
|    n_updates            | 4110        |
|    policy_gradient_loss | -0.0182     |
|    value_loss           | 0.000218    |
-----------------------------------------
-----------------------------------------
| rollout/                |             |
|    ep_len_mean          | 4.3e+03     |
|    ep_rew_mean          | -0.0591     |
| time/                   |             |
|    fps                  | 4069        |
|    iterations           | 413         |
|    time_elapsed         | 207         |
|    total_timesteps      | 845824      |
| train/                  |             |
|    approx_kl            | 0.023505032 |
|    clip_fraction        | 0.186       |
|    clip_range           | 0.2         |
|    entropy_loss         | -0.72       |
|    explained_variance   | 0.545       |
|    learning_rate        | 0.0003      |
|    loss                 | -0.0223     |
|    n_updates            | 4120        |
|    policy_gradient_loss | -0.0177     |
|    value_loss           | 0.000278    |
-----------------------------------------
-----------------------------------------
| rollout/                |             |
|    ep_len_mean          | 4.3e+03     |
|    ep_rew_mean          | -0.0625     |
| time/                   |             |
|    fps                  | 4068        |
|    iterations           | 414         |
|    time_elapsed         | 208         |
|    total_timesteps      | 847872      |
| train/                  |             |
|    approx_kl            | 0.018211015 |
|    clip_fraction        | 0.164       |
|    clip_range           | 0.2         |
|    entropy_loss         | -0.671      |
|    explained_variance   | 0.325       |
|    learning_rate        | 0.0003      |
|    loss                 | -0.0229     |
|    n_updates            | 4130        |
|    policy_gradient_loss | -0.0137     |
|    value_loss           | 0.000224    |
-----------------------------------------
-----------------------------------------
| rollout/                |             |
|    ep_len_mean          | 4.3e+03     |
|    ep_rew_mean          | -0.0625     |
| time/                   |             |
|    fps                  | 4061        |
|    iterations           | 415         |
|    time_elapsed         | 209         |
|    total_timesteps      | 849920      |
| train/                  |             |
|    approx_kl            | 0.019310495 |
|    clip_fraction        | 0.183       |
|    clip_range           | 0.2         |
|    entropy_loss         | -0.675      |
|    explained_variance   | 0.549       |
|    learning_rate        | 0.0003      |
|    loss                 | -0.0275     |
|    n_updates            | 4140        |
|    policy_gradient_loss | -0.0171     |
|    value_loss           | 0.00024     |
-----------------------------------------
-----------------------------------------
| rollout/                |             |
|    ep_len_mean          | 4.3e+03     |
|    ep_rew_mean          | -0.064      |
| time/                   |             |
|    fps                  | 4055        |
|    iterations           | 416         |
|    time_elapsed         | 210         |
|    total_timesteps      | 851968      |
| train/                  |             |
|    approx_kl            | 0.019139703 |
|    clip_fraction        | 0.169       |
|    clip_range           | 0.2         |
|    entropy_loss         | -0.663      |
|    explained_variance   | 0.348       |
|    learning_rate        | 0.0003      |
|    loss                 | -0.00328    |
|    n_updates            | 4150        |
|    policy_gradient_loss | -0.0137     |
|    value_loss           | 0.000317    |
-----------------------------------------
-----------------------------------------
| rollout/                |             |
|    ep_len_mean          | 4.3e+03     |
|    ep_rew_mean          | -0.064      |
| time/                   |             |
|    fps                  | 4054        |
|    iterations           | 417         |
|    time_elapsed         | 210         |
|    total_timesteps      | 854016      |
| train/                  |             |
|    approx_kl            | 0.025924765 |
|    clip_fraction        | 0.177       |
|    clip_range           | 0.2         |
|    entropy_loss         | -0.644      |
|    explained_variance   | -0.105      |
|    learning_rate        | 0.0003      |
|    loss                 | -0.0197     |
|    n_updates            | 4160        |
|    policy_gradient_loss | -0.0181     |
|    value_loss           | 0.000304    |
-----------------------------------------
-----------------------------------------
| rollout/                |             |
|    ep_len_mean          | 4.3e+03     |
|    ep_rew_mean          | -0.0653     |
| time/                   |             |
|    fps                  | 4054        |
|    iterations           | 418         |
|    time_elapsed         | 211         |
|    total_timesteps      | 856064      |
| train/                  |             |
|    approx_kl            | 0.023908358 |
|    clip_fraction        | 0.183       |
|    clip_range           | 0.2         |
|    entropy_loss         | -0.668      |
|    explained_variance   | 0.377       |
|    learning_rate        | 0.0003      |
|    loss                 | -0.0375     |
|    n_updates            | 4170        |
|    policy_gradient_loss | -0.0216     |
|    value_loss           | 0.000199    |
-----------------------------------------
-----------------------------------------
| rollout/                |             |
|    ep_len_mean          | 4.3e+03     |
|    ep_rew_mean          | -0.0653     |
| time/                   |             |
|    fps                  | 4054        |
|    iterations           | 419         |
|    time_elapsed         | 211         |
|    total_timesteps      | 858112      |
| train/                  |             |
|    approx_kl            | 0.017995428 |
|    clip_fraction        | 0.164       |
|    clip_range           | 0.2         |
|    entropy_loss         | -0.598      |
|    explained_variance   | 0.528       |
|    learning_rate        | 0.0003      |
|    loss                 | -0.0315     |
|    n_updates            | 4180        |
|    policy_gradient_loss | -0.013      |
|    value_loss           | 0.000329    |
-----------------------------------------
-----------------------------------------
| rollout/                |             |
|    ep_len_mean          | 4.3e+03     |
|    ep_rew_mean          | -0.0642     |
| time/                   |             |
|    fps                  | 4053        |
|    iterations           | 420         |
|    time_elapsed         | 212         |
|    total_timesteps      | 860160      |
| train/                  |             |
|    approx_kl            | 0.021853907 |
|    clip_fraction        | 0.171       |
|    clip_range           | 0.2         |
|    entropy_loss         | -0.64       |
|    explained_variance   | 0.545       |
|    learning_rate        | 0.0003      |
|    loss                 | -0.0262     |
|    n_updates            | 4190        |
|    policy_gradient_loss | -0.0133     |
|    value_loss           | 0.000236    |
-----------------------------------------
-----------------------------------------
| rollout/                |             |
|    ep_len_mean          | 4.3e+03     |
|    ep_rew_mean          | -0.0642     |
| time/                   |             |
|    fps                  | 4054        |
|    iterations           | 421         |
|    time_elapsed         | 212         |
|    total_timesteps      | 862208      |
| train/                  |             |
|    approx_kl            | 0.022296334 |
|    clip_fraction        | 0.187       |
|    clip_range           | 0.2         |
|    entropy_loss         | -0.656      |
|    explained_variance   | 0.502       |
|    learning_rate        | 0.0003      |
|    loss                 | 0.00523     |
|    n_updates            | 4200        |
|    policy_gradient_loss | -0.0173     |
|    value_loss           | 0.000264    |
-----------------------------------------
----------------------------------------
| rollout/                |            |
|    ep_len_mean          | 4.3e+03    |
|    ep_rew_mean          | -0.0643    |
| time/                   |            |
|    fps                  | 4053       |
|    iterations           | 422        |
|    time_elapsed         | 213        |
|    total_timesteps      | 864256     |
| train/                  |            |
|    approx_kl            | 0.02158463 |
|    clip_fraction        | 0.17       |
|    clip_range           | 0.2        |
|    entropy_loss         | -0.629     |
|    explained_variance   | 0.508      |
|    learning_rate        | 0.0003     |
|    loss                 | -0.0156    |
|    n_updates            | 4210       |
|    policy_gradient_loss | -0.0156    |
|    value_loss           | 0.000271   |
----------------------------------------
-----------------------------------------
| rollout/                |             |
|    ep_len_mean          | 4.3e+03     |
|    ep_rew_mean          | -0.0643     |
| time/                   |             |
|    fps                  | 4053        |
|    iterations           | 423         |
|    time_elapsed         | 213         |
|    total_timesteps      | 866304      |
| train/                  |             |
|    approx_kl            | 0.018570121 |
|    clip_fraction        | 0.158       |
|    clip_range           | 0.2         |
|    entropy_loss         | -0.701      |
|    explained_variance   | -0.0813     |
|    learning_rate        | 0.0003      |
|    loss                 | -0.0378     |
|    n_updates            | 4220        |
|    policy_gradient_loss | -0.0137     |
|    value_loss           | 0.000305    |
-----------------------------------------
-----------------------------------------
| rollout/                |             |
|    ep_len_mean          | 4.3e+03     |
|    ep_rew_mean          | -0.0666     |
| time/                   |             |
|    fps                  | 4053        |
|    iterations           | 424         |
|    time_elapsed         | 214         |
|    total_timesteps      | 868352      |
| train/                  |             |
|    approx_kl            | 0.031862617 |
|    clip_fraction        | 0.191       |
|    clip_range           | 0.2         |
|    entropy_loss         | -0.683      |
|    explained_variance   | 0.428       |
|    learning_rate        | 0.0003      |
|    loss                 | 0.00125     |
|    n_updates            | 4230        |
|    policy_gradient_loss | -0.0181     |
|    value_loss           | 0.000268    |
-----------------------------------------
-----------------------------------------
| rollout/                |             |
|    ep_len_mean          | 4.3e+03     |
|    ep_rew_mean          | -0.0666     |
| time/                   |             |
|    fps                  | 4054        |
|    iterations           | 425         |
|    time_elapsed         | 214         |
|    total_timesteps      | 870400      |
| train/                  |             |
|    approx_kl            | 0.025546074 |
|    clip_fraction        | 0.171       |
|    clip_range           | 0.2         |
|    entropy_loss         | -0.626      |
|    explained_variance   | 0.458       |
|    learning_rate        | 0.0003      |
|    loss                 | -0.0198     |
|    n_updates            | 4240        |
|    policy_gradient_loss | -0.0154     |
|    value_loss           | 0.000288    |
-----------------------------------------
-----------------------------------------
| rollout/                |             |
|    ep_len_mean          | 4.3e+03     |
|    ep_rew_mean          | -0.0663     |
| time/                   |             |
|    fps                  | 4053        |
|    iterations           | 426         |
|    time_elapsed         | 215         |
|    total_timesteps      | 872448      |
| train/                  |             |
|    approx_kl            | 0.019836135 |
|    clip_fraction        | 0.157       |
|    clip_range           | 0.2         |
|    entropy_loss         | -0.622      |
|    explained_variance   | 0.601       |
|    learning_rate        | 0.0003      |
|    loss                 | -0.061      |
|    n_updates            | 4250        |
|    policy_gradient_loss | -0.0175     |
|    value_loss           | 0.000283    |
-----------------------------------------
-----------------------------------------
| rollout/                |             |
|    ep_len_mean          | 4.3e+03     |
|    ep_rew_mean          | -0.0663     |
| time/                   |             |
|    fps                  | 4054        |
|    iterations           | 427         |
|    time_elapsed         | 215         |
|    total_timesteps      | 874496      |
| train/                  |             |
|    approx_kl            | 0.021293515 |
|    clip_fraction        | 0.171       |
|    clip_range           | 0.2         |
|    entropy_loss         | -0.645      |
|    explained_variance   | 0.0993      |
|    learning_rate        | 0.0003      |
|    loss                 | -0.00921    |
|    n_updates            | 4260        |
|    policy_gradient_loss | -0.0177     |
|    value_loss           | 0.000305    |
-----------------------------------------
-----------------------------------------
| rollout/                |             |
|    ep_len_mean          | 4.3e+03     |
|    ep_rew_mean          | -0.0676     |
| time/                   |             |
|    fps                  | 4053        |
|    iterations           | 428         |
|    time_elapsed         | 216         |
|    total_timesteps      | 876544      |
| train/                  |             |
|    approx_kl            | 0.024601573 |
|    clip_fraction        | 0.182       |
|    clip_range           | 0.2         |
|    entropy_loss         | -0.657      |
|    explained_variance   | 0.396       |
|    learning_rate        | 0.0003      |
|    loss                 | -0.0134     |
|    n_updates            | 4270        |
|    policy_gradient_loss | -0.0189     |
|    value_loss           | 0.000245    |
-----------------------------------------
-----------------------------------------
| rollout/                |             |
|    ep_len_mean          | 4.3e+03     |
|    ep_rew_mean          | -0.0676     |
| time/                   |             |
|    fps                  | 4053        |
|    iterations           | 429         |
|    time_elapsed         | 216         |
|    total_timesteps      | 878592      |
| train/                  |             |
|    approx_kl            | 0.023823228 |
|    clip_fraction        | 0.166       |
|    clip_range           | 0.2         |
|    entropy_loss         | -0.595      |
|    explained_variance   | 0.461       |
|    learning_rate        | 0.0003      |
|    loss                 | -0.036      |
|    n_updates            | 4280        |
|    policy_gradient_loss | -0.0157     |
|    value_loss           | 0.000288    |
-----------------------------------------
-----------------------------------------
| rollout/                |             |
|    ep_len_mean          | 4.3e+03     |
|    ep_rew_mean          | -0.0708     |
| time/                   |             |
|    fps                  | 4053        |
|    iterations           | 430         |
|    time_elapsed         | 217         |
|    total_timesteps      | 880640      |
| train/                  |             |
|    approx_kl            | 0.021156704 |
|    clip_fraction        | 0.171       |
|    clip_range           | 0.2         |
|    entropy_loss         | -0.618      |
|    explained_variance   | 0.633       |
|    learning_rate        | 0.0003      |
|    loss                 | -0.0484     |
|    n_updates            | 4290        |
|    policy_gradient_loss | -0.0181     |
|    value_loss           | 0.000262    |
-----------------------------------------
-----------------------------------------
| rollout/                |             |
|    ep_len_mean          | 4.3e+03     |
|    ep_rew_mean          | -0.0708     |
| time/                   |             |
|    fps                  | 4054        |
|    iterations           | 431         |
|    time_elapsed         | 217         |
|    total_timesteps      | 882688      |
| train/                  |             |
|    approx_kl            | 0.021306526 |
|    clip_fraction        | 0.178       |
|    clip_range           | 0.2         |
|    entropy_loss         | -0.664      |
|    explained_variance   | 0.165       |
|    learning_rate        | 0.0003      |
|    loss                 | -0.0327     |
|    n_updates            | 4300        |
|    policy_gradient_loss | -0.0175     |
|    value_loss           | 0.000264    |
-----------------------------------------
-----------------------------------------
| rollout/                |             |
|    ep_len_mean          | 4.3e+03     |
|    ep_rew_mean          | -0.0708     |
| time/                   |             |
|    fps                  | 4054        |
|    iterations           | 432         |
|    time_elapsed         | 218         |
|    total_timesteps      | 884736      |
| train/                  |             |
|    approx_kl            | 0.022022117 |
|    clip_fraction        | 0.179       |
|    clip_range           | 0.2         |
|    entropy_loss         | -0.669      |
|    explained_variance   | 0.396       |
|    learning_rate        | 0.0003      |
|    loss                 | -0.0411     |
|    n_updates            | 4310        |
|    policy_gradient_loss | -0.0161     |
|    value_loss           | 0.000221    |
-----------------------------------------
----------------------------------------
| rollout/                |            |
|    ep_len_mean          | 4.3e+03    |
|    ep_rew_mean          | -0.0711    |
| time/                   |            |
|    fps                  | 4054       |
|    iterations           | 433        |
|    time_elapsed         | 218        |
|    total_timesteps      | 886784     |
| train/                  |            |
|    approx_kl            | 0.01958616 |
|    clip_fraction        | 0.161      |
|    clip_range           | 0.2        |
|    entropy_loss         | -0.622     |
|    explained_variance   | 0.39       |
|    learning_rate        | 0.0003     |
|    loss                 | -0.0384    |
|    n_updates            | 4320       |
|    policy_gradient_loss | -0.0168    |
|    value_loss           | 0.000343   |
----------------------------------------
----------------------------------------
| rollout/                |            |
|    ep_len_mean          | 4.3e+03    |
|    ep_rew_mean          | -0.0711    |
| time/                   |            |
|    fps                  | 4054       |
|    iterations           | 434        |
|    time_elapsed         | 219        |
|    total_timesteps      | 888832     |
| train/                  |            |
|    approx_kl            | 0.02502285 |
|    clip_fraction        | 0.169      |
|    clip_range           | 0.2        |
|    entropy_loss         | -0.686     |
|    explained_variance   | 0.419      |
|    learning_rate        | 0.0003     |
|    loss                 | -0.00246   |
|    n_updates            | 4330       |
|    policy_gradient_loss | -0.018     |
|    value_loss           | 0.000229   |
----------------------------------------
----------------------------------------
| rollout/                |            |
|    ep_len_mean          | 4.3e+03    |
|    ep_rew_mean          | -0.0698    |
| time/                   |            |
|    fps                  | 4054       |
|    iterations           | 435        |
|    time_elapsed         | 219        |
|    total_timesteps      | 890880     |
| train/                  |            |
|    approx_kl            | 0.02380407 |
|    clip_fraction        | 0.17       |
|    clip_range           | 0.2        |
|    entropy_loss         | -0.641     |
|    explained_variance   | 0.375      |
|    learning_rate        | 0.0003     |
|    loss                 | -0.0141    |
|    n_updates            | 4340       |
|    policy_gradient_loss | -0.0153    |
|    value_loss           | 0.000257   |
----------------------------------------
-----------------------------------------
| rollout/                |             |
|    ep_len_mean          | 4.3e+03     |
|    ep_rew_mean          | -0.0698     |
| time/                   |             |
|    fps                  | 4054        |
|    iterations           | 436         |
|    time_elapsed         | 220         |
|    total_timesteps      | 892928      |
| train/                  |             |
|    approx_kl            | 0.015907183 |
|    clip_fraction        | 0.158       |
|    clip_range           | 0.2         |
|    entropy_loss         | -0.692      |
|    explained_variance   | 0.0385      |
|    learning_rate        | 0.0003      |
|    loss                 | -0.0348     |
|    n_updates            | 4350        |
|    policy_gradient_loss | -0.0167     |
|    value_loss           | 0.000278    |
-----------------------------------------
-----------------------------------------
| rollout/                |             |
|    ep_len_mean          | 4.3e+03     |
|    ep_rew_mean          | -0.0695     |
| time/                   |             |
|    fps                  | 4054        |
|    iterations           | 437         |
|    time_elapsed         | 220         |
|    total_timesteps      | 894976      |
| train/                  |             |
|    approx_kl            | 0.020970363 |
|    clip_fraction        | 0.161       |
|    clip_range           | 0.2         |
|    entropy_loss         | -0.673      |
|    explained_variance   | 0.303       |
|    learning_rate        | 0.0003      |
|    loss                 | -0.0142     |
|    n_updates            | 4360        |
|    policy_gradient_loss | -0.0183     |
|    value_loss           | 0.000177    |
-----------------------------------------
-----------------------------------------
| rollout/                |             |
|    ep_len_mean          | 4.3e+03     |
|    ep_rew_mean          | -0.0695     |
| time/                   |             |
|    fps                  | 4054        |
|    iterations           | 438         |
|    time_elapsed         | 221         |
|    total_timesteps      | 897024      |
| train/                  |             |
|    approx_kl            | 0.024083916 |
|    clip_fraction        | 0.191       |
|    clip_range           | 0.2         |
|    entropy_loss         | -0.69       |
|    explained_variance   | 0.464       |
|    learning_rate        | 0.0003      |
|    loss                 | -0.017      |
|    n_updates            | 4370        |
|    policy_gradient_loss | -0.0194     |
|    value_loss           | 0.000324    |
-----------------------------------------
-----------------------------------------
| rollout/                |             |
|    ep_len_mean          | 4.3e+03     |
|    ep_rew_mean          | -0.0724     |
| time/                   |             |
|    fps                  | 4054        |
|    iterations           | 439         |
|    time_elapsed         | 221         |
|    total_timesteps      | 899072      |
| train/                  |             |
|    approx_kl            | 0.022265034 |
|    clip_fraction        | 0.156       |
|    clip_range           | 0.2         |
|    entropy_loss         | -0.64       |
|    explained_variance   | 0.484       |
|    learning_rate        | 0.0003      |
|    loss                 | -0.0324     |
|    n_updates            | 4380        |
|    policy_gradient_loss | -0.015      |
|    value_loss           | 0.000263    |
-----------------------------------------
-----------------------------------------
| rollout/                |             |
|    ep_len_mean          | 4.3e+03     |
|    ep_rew_mean          | -0.0724     |
| time/                   |             |
|    fps                  | 4053        |
|    iterations           | 440         |
|    time_elapsed         | 222         |
|    total_timesteps      | 901120      |
| train/                  |             |
|    approx_kl            | 0.022092637 |
|    clip_fraction        | 0.168       |
|    clip_range           | 0.2         |
|    entropy_loss         | -0.722      |
|    explained_variance   | 0.509       |
|    learning_rate        | 0.0003      |
|    loss                 | 0.000939    |
|    n_updates            | 4390        |
|    policy_gradient_loss | -0.0176     |
|    value_loss           | 0.000266    |
-----------------------------------------
----------------------------------------
| rollout/                |            |
|    ep_len_mean          | 4.3e+03    |
|    ep_rew_mean          | -0.0765    |
| time/                   |            |
|    fps                  | 4053       |
|    iterations           | 441        |
|    time_elapsed         | 222        |
|    total_timesteps      | 903168     |
| train/                  |            |
|    approx_kl            | 0.02201578 |
|    clip_fraction        | 0.162      |
|    clip_range           | 0.2        |
|    entropy_loss         | -0.654     |
|    explained_variance   | 0.471      |
|    learning_rate        | 0.0003     |
|    loss                 | -0.025     |
|    n_updates            | 4400       |
|    policy_gradient_loss | -0.018     |
|    value_loss           | 0.000337   |
----------------------------------------
----------------------------------------
| rollout/                |            |
|    ep_len_mean          | 4.3e+03    |
|    ep_rew_mean          | -0.0765    |
| time/                   |            |
|    fps                  | 4053       |
|    iterations           | 442        |
|    time_elapsed         | 223        |
|    total_timesteps      | 905216     |
| train/                  |            |
|    approx_kl            | 0.02522562 |
|    clip_fraction        | 0.19       |
|    clip_range           | 0.2        |
|    entropy_loss         | -0.73      |
|    explained_variance   | -0.413     |
|    learning_rate        | 0.0003     |
|    loss                 | -0.0468    |
|    n_updates            | 4410       |
|    policy_gradient_loss | -0.018     |
|    value_loss           | 0.000357   |
----------------------------------------
----------------------------------------
| rollout/                |            |
|    ep_len_mean          | 4.3e+03    |
|    ep_rew_mean          | -0.0815    |
| time/                   |            |
|    fps                  | 4054       |
|    iterations           | 443        |
|    time_elapsed         | 223        |
|    total_timesteps      | 907264     |
| train/                  |            |
|    approx_kl            | 0.02536175 |
|    clip_fraction        | 0.176      |
|    clip_range           | 0.2        |
|    entropy_loss         | -0.748     |
|    explained_variance   | 0.302      |
|    learning_rate        | 0.0003     |
|    loss                 | -0.0353    |
|    n_updates            | 4420       |
|    policy_gradient_loss | -0.0198    |
|    value_loss           | 0.00027    |
----------------------------------------
-----------------------------------------
| rollout/                |             |
|    ep_len_mean          | 4.3e+03     |
|    ep_rew_mean          | -0.0815     |
| time/                   |             |
|    fps                  | 4053        |
|    iterations           | 444         |
|    time_elapsed         | 224         |
|    total_timesteps      | 909312      |
| train/                  |             |
|    approx_kl            | 0.019454146 |
|    clip_fraction        | 0.188       |
|    clip_range           | 0.2         |
|    entropy_loss         | -0.694      |
|    explained_variance   | 0.41        |
|    learning_rate        | 0.0003      |
|    loss                 | -0.0303     |
|    n_updates            | 4430        |
|    policy_gradient_loss | -0.0174     |
|    value_loss           | 0.000203    |
-----------------------------------------
-----------------------------------------
| rollout/                |             |
|    ep_len_mean          | 4.3e+03     |
|    ep_rew_mean          | -0.0865     |
| time/                   |             |
|    fps                  | 4053        |
|    iterations           | 445         |
|    time_elapsed         | 224         |
|    total_timesteps      | 911360      |
| train/                  |             |
|    approx_kl            | 0.023117714 |
|    clip_fraction        | 0.175       |
|    clip_range           | 0.2         |
|    entropy_loss         | -0.656      |
|    explained_variance   | 0.515       |
|    learning_rate        | 0.0003      |
|    loss                 | -0.0326     |
|    n_updates            | 4440        |
|    policy_gradient_loss | -0.0205     |
|    value_loss           | 0.000276    |
-----------------------------------------
-----------------------------------------
| rollout/                |             |
|    ep_len_mean          | 4.3e+03     |
|    ep_rew_mean          | -0.0865     |
| time/                   |             |
|    fps                  | 4053        |
|    iterations           | 446         |
|    time_elapsed         | 225         |
|    total_timesteps      | 913408      |
| train/                  |             |
|    approx_kl            | 0.025565485 |
|    clip_fraction        | 0.201       |
|    clip_range           | 0.2         |
|    entropy_loss         | -0.725      |
|    explained_variance   | 0.107       |
|    learning_rate        | 0.0003      |
|    loss                 | -0.0338     |
|    n_updates            | 4450        |
|    policy_gradient_loss | -0.0194     |
|    value_loss           | 0.000261    |
-----------------------------------------
----------------------------------------
| rollout/                |            |
|    ep_len_mean          | 4.3e+03    |
|    ep_rew_mean          | -0.0867    |
| time/                   |            |
|    fps                  | 4054       |
|    iterations           | 447        |
|    time_elapsed         | 225        |
|    total_timesteps      | 915456     |
| train/                  |            |
|    approx_kl            | 0.01749696 |
|    clip_fraction        | 0.165      |
|    clip_range           | 0.2        |
|    entropy_loss         | -0.666     |
|    explained_variance   | 0.402      |
|    learning_rate        | 0.0003     |
|    loss                 | -0.0253    |
|    n_updates            | 4460       |
|    policy_gradient_loss | -0.0152    |
|    value_loss           | 0.000236   |
----------------------------------------
-----------------------------------------
| rollout/                |             |
|    ep_len_mean          | 4.3e+03     |
|    ep_rew_mean          | -0.0867     |
| time/                   |             |
|    fps                  | 4054        |
|    iterations           | 448         |
|    time_elapsed         | 226         |
|    total_timesteps      | 917504      |
| train/                  |             |
|    approx_kl            | 0.021471769 |
|    clip_fraction        | 0.183       |
|    clip_range           | 0.2         |
|    entropy_loss         | -0.637      |
|    explained_variance   | 0.517       |
|    learning_rate        | 0.0003      |
|    loss                 | -0.0405     |
|    n_updates            | 4470        |
|    policy_gradient_loss | -0.0174     |
|    value_loss           | 0.000376    |
-----------------------------------------
-----------------------------------------
| rollout/                |             |
|    ep_len_mean          | 4.3e+03     |
|    ep_rew_mean          | -0.093      |
| time/                   |             |
|    fps                  | 4054        |
|    iterations           | 449         |
|    time_elapsed         | 226         |
|    total_timesteps      | 919552      |
| train/                  |             |
|    approx_kl            | 0.024955593 |
|    clip_fraction        | 0.184       |
|    clip_range           | 0.2         |
|    entropy_loss         | -0.651      |
|    explained_variance   | 0.583       |
|    learning_rate        | 0.0003      |
|    loss                 | -0.0199     |
|    n_updates            | 4480        |
|    policy_gradient_loss | -0.0172     |
|    value_loss           | 0.000303    |
-----------------------------------------
-----------------------------------------
| rollout/                |             |
|    ep_len_mean          | 4.3e+03     |
|    ep_rew_mean          | -0.093      |
| time/                   |             |
|    fps                  | 4054        |
|    iterations           | 450         |
|    time_elapsed         | 227         |
|    total_timesteps      | 921600      |
| train/                  |             |
|    approx_kl            | 0.024410538 |
|    clip_fraction        | 0.183       |
|    clip_range           | 0.2         |
|    entropy_loss         | -0.663      |
|    explained_variance   | 0.253       |
|    learning_rate        | 0.0003      |
|    loss                 | -0.051      |
|    n_updates            | 4490        |
|    policy_gradient_loss | -0.0189     |
|    value_loss           | 0.000293    |
-----------------------------------------
-----------------------------------------
| rollout/                |             |
|    ep_len_mean          | 4.3e+03     |
|    ep_rew_mean          | -0.0952     |
| time/                   |             |
|    fps                  | 4054        |
|    iterations           | 451         |
|    time_elapsed         | 227         |
|    total_timesteps      | 923648      |
| train/                  |             |
|    approx_kl            | 0.016392116 |
|    clip_fraction        | 0.169       |
|    clip_range           | 0.2         |
|    entropy_loss         | -0.647      |
|    explained_variance   | 0.503       |
|    learning_rate        | 0.0003      |
|    loss                 | -0.0207     |
|    n_updates            | 4500        |
|    policy_gradient_loss | -0.0151     |
|    value_loss           | 0.000271    |
-----------------------------------------
-----------------------------------------
| rollout/                |             |
|    ep_len_mean          | 4.3e+03     |
|    ep_rew_mean          | -0.0952     |
| time/                   |             |
|    fps                  | 4054        |
|    iterations           | 452         |
|    time_elapsed         | 228         |
|    total_timesteps      | 925696      |
| train/                  |             |
|    approx_kl            | 0.020919424 |
|    clip_fraction        | 0.17        |
|    clip_range           | 0.2         |
|    entropy_loss         | -0.646      |
|    explained_variance   | 0.39        |
|    learning_rate        | 0.0003      |
|    loss                 | -0.0183     |
|    n_updates            | 4510        |
|    policy_gradient_loss | -0.0171     |
|    value_loss           | 0.000298    |
-----------------------------------------
-----------------------------------------
| rollout/                |             |
|    ep_len_mean          | 4.3e+03     |
|    ep_rew_mean          | -0.0952     |
| time/                   |             |
|    fps                  | 4055        |
|    iterations           | 453         |
|    time_elapsed         | 228         |
|    total_timesteps      | 927744      |
| train/                  |             |
|    approx_kl            | 0.024894234 |
|    clip_fraction        | 0.165       |
|    clip_range           | 0.2         |
|    entropy_loss         | -0.64       |
|    explained_variance   | 0.46        |
|    learning_rate        | 0.0003      |
|    loss                 | -0.0269     |
|    n_updates            | 4520        |
|    policy_gradient_loss | -0.0169     |
|    value_loss           | 0.000286    |
-----------------------------------------
-----------------------------------------
| rollout/                |             |
|    ep_len_mean          | 4.3e+03     |
|    ep_rew_mean          | -0.0961     |
| time/                   |             |
|    fps                  | 4055        |
|    iterations           | 454         |
|    time_elapsed         | 229         |
|    total_timesteps      | 929792      |
| train/                  |             |
|    approx_kl            | 0.021613229 |
|    clip_fraction        | 0.161       |
|    clip_range           | 0.2         |
|    entropy_loss         | -0.628      |
|    explained_variance   | 0.405       |
|    learning_rate        | 0.0003      |
|    loss                 | -0.028      |
|    n_updates            | 4530        |
|    policy_gradient_loss | -0.0167     |
|    value_loss           | 0.000287    |
-----------------------------------------
-----------------------------------------
| rollout/                |             |
|    ep_len_mean          | 4.3e+03     |
|    ep_rew_mean          | -0.0961     |
| time/                   |             |
|    fps                  | 4055        |
|    iterations           | 455         |
|    time_elapsed         | 229         |
|    total_timesteps      | 931840      |
| train/                  |             |
|    approx_kl            | 0.021059155 |
|    clip_fraction        | 0.161       |
|    clip_range           | 0.2         |
|    entropy_loss         | -0.627      |
|    explained_variance   | 0.334       |
|    learning_rate        | 0.0003      |
|    loss                 | 0.0157      |
|    n_updates            | 4540        |
|    policy_gradient_loss | -0.015      |
|    value_loss           | 0.000354    |
-----------------------------------------
-----------------------------------------
| rollout/                |             |
|    ep_len_mean          | 4.3e+03     |
|    ep_rew_mean          | -0.099      |
| time/                   |             |
|    fps                  | 4055        |
|    iterations           | 456         |
|    time_elapsed         | 230         |
|    total_timesteps      | 933888      |
| train/                  |             |
|    approx_kl            | 0.018601717 |
|    clip_fraction        | 0.143       |
|    clip_range           | 0.2         |
|    entropy_loss         | -0.577      |
|    explained_variance   | 0.386       |
|    learning_rate        | 0.0003      |
|    loss                 | -0.00602    |
|    n_updates            | 4550        |
|    policy_gradient_loss | -0.0127     |
|    value_loss           | 0.000256    |
-----------------------------------------
-----------------------------------------
| rollout/                |             |
|    ep_len_mean          | 4.3e+03     |
|    ep_rew_mean          | -0.099      |
| time/                   |             |
|    fps                  | 4055        |
|    iterations           | 457         |
|    time_elapsed         | 230         |
|    total_timesteps      | 935936      |
| train/                  |             |
|    approx_kl            | 0.022963053 |
|    clip_fraction        | 0.177       |
|    clip_range           | 0.2         |
|    entropy_loss         | -0.64       |
|    explained_variance   | 0.539       |
|    learning_rate        | 0.0003      |
|    loss                 | -0.032      |
|    n_updates            | 4560        |
|    policy_gradient_loss | -0.0175     |
|    value_loss           | 0.00026     |
-----------------------------------------
-----------------------------------------
| rollout/                |             |
|    ep_len_mean          | 4.3e+03     |
|    ep_rew_mean          | -0.1        |
| time/                   |             |
|    fps                  | 4055        |
|    iterations           | 458         |
|    time_elapsed         | 231         |
|    total_timesteps      | 937984      |
| train/                  |             |
|    approx_kl            | 0.022652252 |
|    clip_fraction        | 0.159       |
|    clip_range           | 0.2         |
|    entropy_loss         | -0.548      |
|    explained_variance   | 0.451       |
|    learning_rate        | 0.0003      |
|    loss                 | -0.00972    |
|    n_updates            | 4570        |
|    policy_gradient_loss | -0.0153     |
|    value_loss           | 0.000289    |
-----------------------------------------
-----------------------------------------
| rollout/                |             |
|    ep_len_mean          | 4.3e+03     |
|    ep_rew_mean          | -0.1        |
| time/                   |             |
|    fps                  | 4055        |
|    iterations           | 459         |
|    time_elapsed         | 231         |
|    total_timesteps      | 940032      |
| train/                  |             |
|    approx_kl            | 0.025528267 |
|    clip_fraction        | 0.179       |
|    clip_range           | 0.2         |
|    entropy_loss         | -0.657      |
|    explained_variance   | -0.107      |
|    learning_rate        | 0.0003      |
|    loss                 | 0.00246     |
|    n_updates            | 4580        |
|    policy_gradient_loss | -0.0218     |
|    value_loss           | 0.000255    |
-----------------------------------------
-----------------------------------------
| rollout/                |             |
|    ep_len_mean          | 4.3e+03     |
|    ep_rew_mean          | -0.098      |
| time/                   |             |
|    fps                  | 4055        |
|    iterations           | 460         |
|    time_elapsed         | 232         |
|    total_timesteps      | 942080      |
| train/                  |             |
|    approx_kl            | 0.019014148 |
|    clip_fraction        | 0.164       |
|    clip_range           | 0.2         |
|    entropy_loss         | -0.606      |
|    explained_variance   | 0.287       |
|    learning_rate        | 0.0003      |
|    loss                 | -0.0272     |
|    n_updates            | 4590        |
|    policy_gradient_loss | -0.015      |
|    value_loss           | 0.000187    |
-----------------------------------------
-----------------------------------------
| rollout/                |             |
|    ep_len_mean          | 4.3e+03     |
|    ep_rew_mean          | -0.098      |
| time/                   |             |
|    fps                  | 4056        |
|    iterations           | 461         |
|    time_elapsed         | 232         |
|    total_timesteps      | 944128      |
| train/                  |             |
|    approx_kl            | 0.017470479 |
|    clip_fraction        | 0.157       |
|    clip_range           | 0.2         |
|    entropy_loss         | -0.559      |
|    explained_variance   | 0.57        |
|    learning_rate        | 0.0003      |
|    loss                 | -0.0296     |
|    n_updates            | 4600        |
|    policy_gradient_loss | -0.0172     |
|    value_loss           | 0.000307    |
-----------------------------------------
----------------------------------------
| rollout/                |            |
|    ep_len_mean          | 4.3e+03    |
|    ep_rew_mean          | -0.103     |
| time/                   |            |
|    fps                  | 4056       |
|    iterations           | 462        |
|    time_elapsed         | 233        |
|    total_timesteps      | 946176     |
| train/                  |            |
|    approx_kl            | 0.02264763 |
|    clip_fraction        | 0.146      |
|    clip_range           | 0.2        |
|    entropy_loss         | -0.533     |
|    explained_variance   | 0.5        |
|    learning_rate        | 0.0003     |
|    loss                 | -0.0281    |
|    n_updates            | 4610       |
|    policy_gradient_loss | -0.0131    |
|    value_loss           | 0.000248   |
----------------------------------------
-----------------------------------------
| rollout/                |             |
|    ep_len_mean          | 4.3e+03     |
|    ep_rew_mean          | -0.103      |
| time/                   |             |
|    fps                  | 4056        |
|    iterations           | 463         |
|    time_elapsed         | 233         |
|    total_timesteps      | 948224      |
| train/                  |             |
|    approx_kl            | 0.021222157 |
|    clip_fraction        | 0.153       |
|    clip_range           | 0.2         |
|    entropy_loss         | -0.598      |
|    explained_variance   | -0.166      |
|    learning_rate        | 0.0003      |
|    loss                 | -0.035      |
|    n_updates            | 4620        |
|    policy_gradient_loss | -0.0156     |
|    value_loss           | 0.000327    |
-----------------------------------------
-----------------------------------------
| rollout/                |             |
|    ep_len_mean          | 4.3e+03     |
|    ep_rew_mean          | -0.103      |
| time/                   |             |
|    fps                  | 4056        |
|    iterations           | 464         |
|    time_elapsed         | 234         |
|    total_timesteps      | 950272      |
| train/                  |             |
|    approx_kl            | 0.022396833 |
|    clip_fraction        | 0.175       |
|    clip_range           | 0.2         |
|    entropy_loss         | -0.552      |
|    explained_variance   | 0.408       |
|    learning_rate        | 0.0003      |
|    loss                 | -0.01       |
|    n_updates            | 4630        |
|    policy_gradient_loss | -0.0164     |
|    value_loss           | 0.000238    |
-----------------------------------------
-----------------------------------------
| rollout/                |             |
|    ep_len_mean          | 4.3e+03     |
|    ep_rew_mean          | -0.103      |
| time/                   |             |
|    fps                  | 4057        |
|    iterations           | 465         |
|    time_elapsed         | 234         |
|    total_timesteps      | 952320      |
| train/                  |             |
|    approx_kl            | 0.024494432 |
|    clip_fraction        | 0.15        |
|    clip_range           | 0.2         |
|    entropy_loss         | -0.52       |
|    explained_variance   | 0.503       |
|    learning_rate        | 0.0003      |
|    loss                 | -0.0265     |
|    n_updates            | 4640        |
|    policy_gradient_loss | -0.0133     |
|    value_loss           | 0.000264    |
-----------------------------------------
-----------------------------------------
| rollout/                |             |
|    ep_len_mean          | 4.3e+03     |
|    ep_rew_mean          | -0.106      |
| time/                   |             |
|    fps                  | 4057        |
|    iterations           | 466         |
|    time_elapsed         | 235         |
|    total_timesteps      | 954368      |
| train/                  |             |
|    approx_kl            | 0.025567798 |
|    clip_fraction        | 0.166       |
|    clip_range           | 0.2         |
|    entropy_loss         | -0.546      |
|    explained_variance   | 0.608       |
|    learning_rate        | 0.0003      |
|    loss                 | -0.0362     |
|    n_updates            | 4650        |
|    policy_gradient_loss | -0.0169     |
|    value_loss           | 0.000269    |
-----------------------------------------
-----------------------------------------
| rollout/                |             |
|    ep_len_mean          | 4.3e+03     |
|    ep_rew_mean          | -0.106      |
| time/                   |             |
|    fps                  | 4057        |
|    iterations           | 467         |
|    time_elapsed         | 235         |
|    total_timesteps      | 956416      |
| train/                  |             |
|    approx_kl            | 0.021260172 |
|    clip_fraction        | 0.167       |
|    clip_range           | 0.2         |
|    entropy_loss         | -0.576      |
|    explained_variance   | 0.325       |
|    learning_rate        | 0.0003      |
|    loss                 | -0.041      |
|    n_updates            | 4660        |
|    policy_gradient_loss | -0.0168     |
|    value_loss           | 0.000296    |
-----------------------------------------
-----------------------------------------
| rollout/                |             |
|    ep_len_mean          | 4.3e+03     |
|    ep_rew_mean          | -0.107      |
| time/                   |             |
|    fps                  | 4056        |
|    iterations           | 468         |
|    time_elapsed         | 236         |
|    total_timesteps      | 958464      |
| train/                  |             |
|    approx_kl            | 0.023072463 |
|    clip_fraction        | 0.176       |
|    clip_range           | 0.2         |
|    entropy_loss         | -0.575      |
|    explained_variance   | 0.512       |
|    learning_rate        | 0.0003      |
|    loss                 | 0.00496     |
|    n_updates            | 4670        |
|    policy_gradient_loss | -0.0158     |
|    value_loss           | 0.000247    |
-----------------------------------------
----------------------------------------
| rollout/                |            |
|    ep_len_mean          | 4.3e+03    |
|    ep_rew_mean          | -0.107     |
| time/                   |            |
|    fps                  | 4054       |
|    iterations           | 469        |
|    time_elapsed         | 236        |
|    total_timesteps      | 960512     |
| train/                  |            |
|    approx_kl            | 0.01929111 |
|    clip_fraction        | 0.162      |
|    clip_range           | 0.2        |
|    entropy_loss         | -0.604     |
|    explained_variance   | 0.124      |
|    learning_rate        | 0.0003     |
|    loss                 | -0.00932   |
|    n_updates            | 4680       |
|    policy_gradient_loss | -0.0153    |
|    value_loss           | 0.000327   |
----------------------------------------
----------------------------------------
| rollout/                |            |
|    ep_len_mean          | 4.3e+03    |
|    ep_rew_mean          | -0.107     |
| time/                   |            |
|    fps                  | 4053       |
|    iterations           | 470        |
|    time_elapsed         | 237        |
|    total_timesteps      | 962560     |
| train/                  |            |
|    approx_kl            | 0.02996776 |
|    clip_fraction        | 0.172      |
|    clip_range           | 0.2        |
|    entropy_loss         | -0.57      |
|    explained_variance   | 0.172      |
|    learning_rate        | 0.0003     |
|    loss                 | -0.0281    |
|    n_updates            | 4690       |
|    policy_gradient_loss | -0.0171    |
|    value_loss           | 0.000284   |
----------------------------------------
-----------------------------------------
| rollout/                |             |
|    ep_len_mean          | 4.3e+03     |
|    ep_rew_mean          | -0.107      |
| time/                   |             |
|    fps                  | 4052        |
|    iterations           | 471         |
|    time_elapsed         | 238         |
|    total_timesteps      | 964608      |
| train/                  |             |
|    approx_kl            | 0.022131758 |
|    clip_fraction        | 0.158       |
|    clip_range           | 0.2         |
|    entropy_loss         | -0.549      |
|    explained_variance   | 0.438       |
|    learning_rate        | 0.0003      |
|    loss                 | -0.0147     |
|    n_updates            | 4700        |
|    policy_gradient_loss | -0.0169     |
|    value_loss           | 0.000277    |
-----------------------------------------
-----------------------------------------
| rollout/                |             |
|    ep_len_mean          | 4.3e+03     |
|    ep_rew_mean          | -0.112      |
| time/                   |             |
|    fps                  | 4051        |
|    iterations           | 472         |
|    time_elapsed         | 238         |
|    total_timesteps      | 966656      |
| train/                  |             |
|    approx_kl            | 0.018146023 |
|    clip_fraction        | 0.157       |
|    clip_range           | 0.2         |
|    entropy_loss         | -0.529      |
|    explained_variance   | 0.656       |
|    learning_rate        | 0.0003      |
|    loss                 | -0.00639    |
|    n_updates            | 4710        |
|    policy_gradient_loss | -0.0138     |
|    value_loss           | 0.000303    |
-----------------------------------------
-----------------------------------------
| rollout/                |             |
|    ep_len_mean          | 4.3e+03     |
|    ep_rew_mean          | -0.112      |
| time/                   |             |
|    fps                  | 4050        |
|    iterations           | 473         |
|    time_elapsed         | 239         |
|    total_timesteps      | 968704      |
| train/                  |             |
|    approx_kl            | 0.023760157 |
|    clip_fraction        | 0.162       |
|    clip_range           | 0.2         |
|    entropy_loss         | -0.57       |
|    explained_variance   | 0.109       |
|    learning_rate        | 0.0003      |
|    loss                 | -0.0206     |
|    n_updates            | 4720        |
|    policy_gradient_loss | -0.0161     |
|    value_loss           | 0.000302    |
-----------------------------------------
-----------------------------------------
| rollout/                |             |
|    ep_len_mean          | 4.3e+03     |
|    ep_rew_mean          | -0.112      |
| time/                   |             |
|    fps                  | 4050        |
|    iterations           | 474         |
|    time_elapsed         | 239         |
|    total_timesteps      | 970752      |
| train/                  |             |
|    approx_kl            | 0.033342414 |
|    clip_fraction        | 0.182       |
|    clip_range           | 0.2         |
|    entropy_loss         | -0.56       |
|    explained_variance   | 0.378       |
|    learning_rate        | 0.0003      |
|    loss                 | -0.0151     |
|    n_updates            | 4730        |
|    policy_gradient_loss | -0.0227     |
|    value_loss           | 0.000252    |
-----------------------------------------
-----------------------------------------
| rollout/                |             |
|    ep_len_mean          | 4.3e+03     |
|    ep_rew_mean          | -0.112      |
| time/                   |             |
|    fps                  | 4049        |
|    iterations           | 475         |
|    time_elapsed         | 240         |
|    total_timesteps      | 972800      |
| train/                  |             |
|    approx_kl            | 0.027689794 |
|    clip_fraction        | 0.165       |
|    clip_range           | 0.2         |
|    entropy_loss         | -0.509      |
|    explained_variance   | 0.416       |
|    learning_rate        | 0.0003      |
|    loss                 | -0.0307     |
|    n_updates            | 4740        |
|    policy_gradient_loss | -0.0165     |
|    value_loss           | 0.000288    |
-----------------------------------------
-----------------------------------------
| rollout/                |             |
|    ep_len_mean          | 4.3e+03     |
|    ep_rew_mean          | -0.112      |
| time/                   |             |
|    fps                  | 4048        |
|    iterations           | 476         |
|    time_elapsed         | 240         |
|    total_timesteps      | 974848      |
| train/                  |             |
|    approx_kl            | 0.022515118 |
|    clip_fraction        | 0.169       |
|    clip_range           | 0.2         |
|    entropy_loss         | -0.528      |
|    explained_variance   | 0.515       |
|    learning_rate        | 0.0003      |
|    loss                 | -0.00304    |
|    n_updates            | 4750        |
|    policy_gradient_loss | -0.0181     |
|    value_loss           | 0.000227    |
-----------------------------------------
-----------------------------------------
| rollout/                |             |
|    ep_len_mean          | 4.3e+03     |
|    ep_rew_mean          | -0.115      |
| time/                   |             |
|    fps                  | 4048        |
|    iterations           | 477         |
|    time_elapsed         | 241         |
|    total_timesteps      | 976896      |
| train/                  |             |
|    approx_kl            | 0.022707138 |
|    clip_fraction        | 0.159       |
|    clip_range           | 0.2         |
|    entropy_loss         | -0.544      |
|    explained_variance   | 0.477       |
|    learning_rate        | 0.0003      |
|    loss                 | -0.0146     |
|    n_updates            | 4760        |
|    policy_gradient_loss | -0.0154     |
|    value_loss           | 0.000343    |
-----------------------------------------
-----------------------------------------
| rollout/                |             |
|    ep_len_mean          | 4.3e+03     |
|    ep_rew_mean          | -0.115      |
| time/                   |             |
|    fps                  | 4048        |
|    iterations           | 478         |
|    time_elapsed         | 241         |
|    total_timesteps      | 978944      |
| train/                  |             |
|    approx_kl            | 0.021595709 |
|    clip_fraction        | 0.158       |
|    clip_range           | 0.2         |
|    entropy_loss         | -0.596      |
|    explained_variance   | -0.176      |
|    learning_rate        | 0.0003      |
|    loss                 | -0.0249     |
|    n_updates            | 4770        |
|    policy_gradient_loss | -0.0188     |
|    value_loss           | 0.000361    |
-----------------------------------------
-----------------------------------------
| rollout/                |             |
|    ep_len_mean          | 4.3e+03     |
|    ep_rew_mean          | -0.117      |
| time/                   |             |
|    fps                  | 4047        |
|    iterations           | 479         |
|    time_elapsed         | 242         |
|    total_timesteps      | 980992      |
| train/                  |             |
|    approx_kl            | 0.022544462 |
|    clip_fraction        | 0.172       |
|    clip_range           | 0.2         |
|    entropy_loss         | -0.58       |
|    explained_variance   | 0.269       |
|    learning_rate        | 0.0003      |
|    loss                 | -0.0488     |
|    n_updates            | 4780        |
|    policy_gradient_loss | -0.0157     |
|    value_loss           | 0.000234    |
-----------------------------------------
-----------------------------------------
| rollout/                |             |
|    ep_len_mean          | 4.3e+03     |
|    ep_rew_mean          | -0.117      |
| time/                   |             |
|    fps                  | 4047        |
|    iterations           | 480         |
|    time_elapsed         | 242         |
|    total_timesteps      | 983040      |
| train/                  |             |
|    approx_kl            | 0.023923276 |
|    clip_fraction        | 0.147       |
|    clip_range           | 0.2         |
|    entropy_loss         | -0.531      |
|    explained_variance   | 0.377       |
|    learning_rate        | 0.0003      |
|    loss                 | -0.0251     |
|    n_updates            | 4790        |
|    policy_gradient_loss | -0.0127     |
|    value_loss           | 0.000347    |
-----------------------------------------
-----------------------------------------
| rollout/                |             |
|    ep_len_mean          | 4.3e+03     |
|    ep_rew_mean          | -0.115      |
| time/                   |             |
|    fps                  | 4047        |
|    iterations           | 481         |
|    time_elapsed         | 243         |
|    total_timesteps      | 985088      |
| train/                  |             |
|    approx_kl            | 0.023399359 |
|    clip_fraction        | 0.167       |
|    clip_range           | 0.2         |
|    entropy_loss         | -0.593      |
|    explained_variance   | 0.456       |
|    learning_rate        | 0.0003      |
|    loss                 | -0.0264     |
|    n_updates            | 4800        |
|    policy_gradient_loss | -0.0172     |
|    value_loss           | 0.000238    |
-----------------------------------------
-----------------------------------------
| rollout/                |             |
|    ep_len_mean          | 4.3e+03     |
|    ep_rew_mean          | -0.115      |
| time/                   |             |
|    fps                  | 4047        |
|    iterations           | 482         |
|    time_elapsed         | 243         |
|    total_timesteps      | 987136      |
| train/                  |             |
|    approx_kl            | 0.023774663 |
|    clip_fraction        | 0.155       |
|    clip_range           | 0.2         |
|    entropy_loss         | -0.543      |
|    explained_variance   | 0.59        |
|    learning_rate        | 0.0003      |
|    loss                 | -0.0287     |
|    n_updates            | 4810        |
|    policy_gradient_loss | -0.0149     |
|    value_loss           | 0.000413    |
-----------------------------------------
-----------------------------------------
| rollout/                |             |
|    ep_len_mean          | 4.3e+03     |
|    ep_rew_mean          | -0.117      |
| time/                   |             |
|    fps                  | 4047        |
|    iterations           | 483         |
|    time_elapsed         | 244         |
|    total_timesteps      | 989184      |
| train/                  |             |
|    approx_kl            | 0.022202468 |
|    clip_fraction        | 0.156       |
|    clip_range           | 0.2         |
|    entropy_loss         | -0.564      |
|    explained_variance   | 0.605       |
|    learning_rate        | 0.0003      |
|    loss                 | -0.00826    |
|    n_updates            | 4820        |
|    policy_gradient_loss | -0.02       |
|    value_loss           | 0.000326    |
-----------------------------------------
----------------------------------------
| rollout/                |            |
|    ep_len_mean          | 4.3e+03    |
|    ep_rew_mean          | -0.117     |
| time/                   |            |
|    fps                  | 4047       |
|    iterations           | 484        |
|    time_elapsed         | 244        |
|    total_timesteps      | 991232     |
| train/                  |            |
|    approx_kl            | 0.02558931 |
|    clip_fraction        | 0.192      |
|    clip_range           | 0.2        |
|    entropy_loss         | -0.623     |
|    explained_variance   | 0.122      |
|    learning_rate        | 0.0003     |
|    loss                 | -0.0219    |
|    n_updates            | 4830       |
|    policy_gradient_loss | -0.0181    |
|    value_loss           | 0.000352   |
----------------------------------------
-----------------------------------------
| rollout/                |             |
|    ep_len_mean          | 4.3e+03     |
|    ep_rew_mean          | -0.115      |
| time/                   |             |
|    fps                  | 4047        |
|    iterations           | 485         |
|    time_elapsed         | 245         |
|    total_timesteps      | 993280      |
| train/                  |             |
|    approx_kl            | 0.026727397 |
|    clip_fraction        | 0.186       |
|    clip_range           | 0.2         |
|    entropy_loss         | -0.6        |
|    explained_variance   | 0.423       |
|    learning_rate        | 0.0003      |
|    loss                 | -0.0444     |
|    n_updates            | 4840        |
|    policy_gradient_loss | -0.0137     |
|    value_loss           | 0.000213    |
-----------------------------------------
-----------------------------------------
| rollout/                |             |
|    ep_len_mean          | 4.3e+03     |
|    ep_rew_mean          | -0.115      |
| time/                   |             |
|    fps                  | 4044        |
|    iterations           | 486         |
|    time_elapsed         | 246         |
|    total_timesteps      | 995328      |
| train/                  |             |
|    approx_kl            | 0.019967478 |
|    clip_fraction        | 0.142       |
|    clip_range           | 0.2         |
|    entropy_loss         | -0.525      |
|    explained_variance   | 0.434       |
|    learning_rate        | 0.0003      |
|    loss                 | -0.0364     |
|    n_updates            | 4850        |
|    policy_gradient_loss | -0.0126     |
|    value_loss           | 0.000298    |
-----------------------------------------
----------------------------------------
| rollout/                |            |
|    ep_len_mean          | 4.3e+03    |
|    ep_rew_mean          | -0.116     |
| time/                   |            |
|    fps                  | 4039       |
|    iterations           | 487        |
|    time_elapsed         | 246        |
|    total_timesteps      | 997376     |
| train/                  |            |
|    approx_kl            | 0.02637271 |
|    clip_fraction        | 0.168      |
|    clip_range           | 0.2        |
|    entropy_loss         | -0.598     |
|    explained_variance   | 0.544      |
|    learning_rate        | 0.0003     |
|    loss                 | -0.0428    |
|    n_updates            | 4860       |
|    policy_gradient_loss | -0.0175    |
|    value_loss           | 0.000214   |
----------------------------------------
-----------------------------------------
| rollout/                |             |
|    ep_len_mean          | 4.3e+03     |
|    ep_rew_mean          | -0.116      |
| time/                   |             |
|    fps                  | 4037        |
|    iterations           | 488         |
|    time_elapsed         | 247         |
|    total_timesteps      | 999424      |
| train/                  |             |
|    approx_kl            | 0.023733921 |
|    clip_fraction        | 0.166       |
|    clip_range           | 0.2         |
|    entropy_loss         | -0.523      |
|    explained_variance   | 0.552       |
|    learning_rate        | 0.0003      |
|    loss                 | -0.0368     |
|    n_updates            | 4870        |
|    policy_gradient_loss | -0.0145     |
|    value_loss           | 0.000372    |
-----------------------------------------
-----------------------------------------
| rollout/                |             |
|    ep_len_mean          | 4.3e+03     |
|    ep_rew_mean          | -0.118      |
| time/                   |             |
|    fps                  | 4035        |
|    iterations           | 489         |
|    time_elapsed         | 248         |
|    total_timesteps      | 1001472     |
| train/                  |             |
|    approx_kl            | 0.023355594 |
|    clip_fraction        | 0.162       |
|    clip_range           | 0.2         |
|    entropy_loss         | -0.558      |
|    explained_variance   | 0.631       |
|    learning_rate        | 0.0003      |
|    loss                 | -0.0294     |
|    n_updates            | 4880        |
|    policy_gradient_loss | -0.0163     |
|    value_loss           | 0.000264    |
-----------------------------------------
Model saved to models/rl/ppo_ETHUSDT_2026-07-05_clean-oos.zip
Provenance sidecar saved to models/rl/ppo_ETHUSDT_2026-07-05_clean-oos.json
